time,TV Spends,Print Spends,OOH Spends,Digital Media Spends,Meta Offline Spends,Meta Online Spends,Google Online Spends,Print Impressions,Digital Media Impressions,Meta Offline Impressions,Meta Online Impressions,Google Online Impressions,Sales Final Output,Campaign Period Flag,Weekday Flag
2024-01-04,66198.2,0,495098.04,193611.11,36241.83,33423.86,276338.24,0,"16,13,425","14,49,673","41,77,982","45,11,644","57,11,27,905",0,0
2024-02-04,66198.2,0,495098.04,193611.11,36241.83,33423.86,276338.24,0,"16,13,425","14,49,673","41,77,982","45,11,644","49,92,86,603",0,0
2024-03-04,66198.2,0,495098.04,193611.11,36241.83,33423.86,276338.24,0,"16,13,425","14,49,673","41,77,982","45,11,644","49,74,34,192",0,0
2024-04-04,66198.2,0,495098.04,193611.11,36241.83,33423.86,276338.24,0,"16,13,425","14,49,673","41,77,982","45,11,644","55,67,12,793",0,0
2024-05-04,66198.2,0,495098.04,193611.11,36241.83,33423.86,276338.24,0,"16,13,425","14,49,673","41,77,982","45,11,644","62,22,63,813",0,0
2024-06-04,66198.2,1307926.31,495098.04,193611.11,36241.83,33423.86,276338.24,21121880,"16,13,425","14,49,673","41,77,982","45,11,644","85,35,40,677",1,1
2024-07-04,66198.2,1307926.31,495098.04,193611.11,36241.83,33423.86,276338.24,21121880,"16,13,425","14,49,673","41,77,982","45,11,644","1,18,08,83,828",1,1
2024-08-04,66198.2,0,495098.04,193611.11,36241.83,33423.86,276338.24,0,"16,13,425","14,49,673","41,77,982","45,11,644","59,75,79,082",0,0
2024-09-04,66198.2,0,495098.04,193611.11,36241.83,33423.86,276338.24,0,"16,13,425","14,49,673","41,77,982","45,11,644","1,38,83,97,052",0,0
2024-10-04,66198.2,0,495098.04,193611.11,36241.83,33423.86,276338.24,0,"16,13,425","14,49,673","41,77,982","45,11,644","54,23,93,893",0,0
2024-11-04,66198.2,0,495098.04,193611.11,36241.83,33423.86,276338.24,0,"16,13,425","14,49,673","41,77,982","45,11,644","76,39,77,037",0,0
2024-12-04,66198.2,0,495098.04,193611.11,36241.83,33423.86,276338.24,0,"16,13,425","14,49,673","41,77,982","45,11,644","54,07,37,011",0,0
13-04-2024,66198.2,1307926.31,495098.04,193611.11,36241.83,33423.86,276338.24,21121880,"16,13,425","14,49,673","41,77,982","45,11,644","72,52,24,526",1,1
14-04-2024,66198.2,1307926.31,495098.04,193611.11,36241.83,33423.86,276338.24,21121880,"16,13,425","14,49,673","41,77,982","45,11,644","99,50,99,360",1,1
15-04-2024,66198.2,0,495098.04,193611.11,36241.83,33423.86,276338.24,0,"16,13,425","14,49,673","41,77,982","45,11,644","50,89,21,019",0,0
16-04-2024,66198.2,0,495098.04,193611.11,36241.83,33423.86,276338.24,0,"16,13,425","14,49,673","41,77,982","45,11,644","51,92,43,073",0,0
17-04-2024,66198.2,0,495098.04,193611.11,36241.83,33423.86,276338.24,0,"16,13,425","14,49,673","41,77,982","45,11,644","72,62,90,189",0,0
18-04-2024,66198.2,0,495098.04,193611.11,36241.83,33423.86,276338.24,0,"16,13,425","14,49,673","41,77,982","45,11,644","59,53,14,252",0,0
19-04-2024,66198.2,0,495098.04,193611.11,36241.83,33423.86,276338.24,0,"16,13,425","14,49,673","41,77,982","45,11,644","59,10,86,880",0,0
20-04-2024,66198.2,1307926.31,495098.04,193611.11,36241.83,33423.86,276338.24,21121880,"16,13,425","14,49,673","41,77,982","45,11,644","78,25,15,251",1,1
21-04-2024,66198.2,1307926.31,495098.04,193611.11,36241.83,33423.86,276338.24,21121880,"16,13,425","14,49,673","41,77,982","45,11,644","1,02,18,10,554",1,1
22-04-2024,66198.2,0,495098.04,193611.11,36241.83,33423.86,276338.24,0,"16,13,425","14,49,673","41,77,982","45,11,644","52,59,98,915",0,0
23-04-2024,66198.2,0,495098.04,193611.11,36241.83,33423.86,276338.24,0,"16,13,425","14,49,673","41,77,982","45,11,644","49,76,91,540",0,0
24-04-2024,66198.2,0,495098.04,193611.11,36241.83,33423.86,276338.24,0,"16,13,425","14,49,673","41,77,982","45,11,644","48,93,17,183",0,0
25-04-2024,66198.2,0,495098.04,193611.11,36241.83,33423.86,276338.24,0,"16,13,425","14,49,673","41,77,982","45,11,644","52,44,67,549",0,0
26-04-2024,66198.2,0,495098.04,193611.11,36241.83,33423.86,276338.24,0,"16,13,425","14,49,673","41,77,982","45,11,644","58,38,00,325",0,0
27-04-2024,66198.2,1307926.31,495098.04,193611.11,36241.83,33423.86,276338.24,21121880,"16,13,425","14,49,673","41,77,982","45,11,644","80,80,52,008",1,1
28-04-2024,66198.2,1307926.31,495098.04,193611.11,36241.83,33423.86,276338.24,21121880,"16,13,425","14,49,673","41,77,982","45,11,644","1,01,99,00,228",1,1
29-04-2024,66198.2,0,495098.04,193611.11,36241.83,33423.86,276338.24,0,"16,13,425","14,49,673","41,77,982","45,11,644","53,20,72,453",0,0
30-04-2024,66198.2,0,495098.04,193611.11,36241.83,33423.86,276338.24,0,"16,13,425","14,49,673","41,77,982","45,11,644","54,34,49,903",0,0
2024-01-05,0,0,452614.38,104411.76,54246.88,25370.17,270082.74,0,"8,70,098","21,69,875","31,71,271","44,09,514","74,44,37,955",0,0
2024-02-05,0,0,452614.38,104411.76,54246.88,25370.17,270082.74,0,"8,70,098","21,69,875","31,71,271","44,09,514","51,33,99,828",0,0
2024-03-05,0,0,452614.38,104411.76,54246.88,25370.17,270082.74,0,"8,70,098","21,69,875","31,71,271","44,09,514","53,39,33,183",0,0
2024-04-05,0,1041562.65,452614.38,104411.76,54246.88,25370.17,270082.74,21121880,"8,70,098","21,69,875","31,71,271","44,09,514","71,88,47,762",1,1
2024-05-05,0,1041562.65,452614.38,104411.76,54246.88,25370.17,270082.74,21121880,"8,70,098","21,69,875","31,71,271","44,09,514","98,68,83,263",1,1
2024-06-05,0,0,452614.38,104411.76,54246.88,25370.17,270082.74,0,"8,70,098","21,69,875","31,71,271","44,09,514","51,78,59,122",0,0
2024-07-05,0,0,452614.38,104411.76,54246.88,25370.17,270082.74,0,"8,70,098","21,69,875","31,71,271","44,09,514","63,63,03,523",0,0
2024-08-05,0,0,452614.38,104411.76,54246.88,25370.17,270082.74,0,"8,70,098","21,69,875","31,71,271","44,09,514","52,11,68,348",0,0
2024-09-05,0,0,452614.38,104411.76,54246.88,25370.17,270082.74,0,"8,70,098","21,69,875","31,71,271","44,09,514","54,18,81,281",0,0
2024-10-05,0,0,452614.38,104411.76,54246.88,25370.17,270082.74,0,"8,70,098","21,69,875","31,71,271","44,09,514","92,09,45,496",0,0
2024-11-05,0,1041562.65,452614.38,104411.76,54246.88,25370.17,270082.74,21121880,"8,70,098","21,69,875","31,71,271","44,09,514","78,30,66,169",1,1
2024-12-05,0,1041562.65,452614.38,104411.76,54246.88,25370.17,270082.74,21121880,"8,70,098","21,69,875","31,71,271","44,09,514","93,33,34,839",1,1
13-05-2024,0,0,452614.38,104411.76,54246.88,25370.17,270082.74,0,"8,70,098","21,69,875","31,71,271","44,09,514","51,81,00,987",0,0
14-05-2024,0,0,452614.38,104411.76,54246.88,25370.17,270082.74,0,"8,70,098","21,69,875","31,71,271","44,09,514","48,21,06,015",0,0
15-05-2024,0,0,452614.38,104411.76,54246.88,25370.17,270082.74,0,"8,70,098","21,69,875","31,71,271","44,09,514","46,83,68,072",0,0
16-05-2024,0,0,452614.38,104411.76,54246.88,25370.17,270082.74,0,"8,70,098","21,69,875","31,71,271","44,09,514","44,50,19,180",0,0
17-05-2024,0,0,452614.38,104411.76,54246.88,25370.17,270082.74,0,"8,70,098","21,69,875","31,71,271","44,09,514","49,21,24,129",0,0
18-05-2024,0,1041562.65,452614.38,104411.76,54246.88,25370.17,270082.74,21121880,"8,70,098","21,69,875","31,71,271","44,09,514","66,98,89,318",1,1
19-05-2024,0,1041562.65,452614.38,104411.76,54246.88,25370.17,270082.74,21121880,"8,70,098","21,69,875","31,71,271","44,09,514","94,02,60,071",1,1
20-05-2024,0,0,452614.38,104411.76,54246.88,25370.17,270082.74,0,"8,70,098","21,69,875","31,71,271","44,09,514","64,75,42,768",0,0
21-05-2024,0,0,452614.38,104411.76,54246.88,25370.17,270082.74,0,"8,70,098","21,69,875","31,71,271","44,09,514","54,47,03,089",0,0
22-05-2024,0,0,452614.38,104411.76,54246.88,25370.17,270082.74,0,"8,70,098","21,69,875","31,71,271","44,09,514","59,67,79,325",0,0
23-05-2024,0,0,452614.38,104411.76,54246.88,25370.17,270082.74,0,"8,70,098","21,69,875","31,71,271","44,09,514","61,69,36,268",0,0
24-05-2024,0,0,452614.38,104411.76,54246.88,25370.17,270082.74,0,"8,70,098","21,69,875","31,71,271","44,09,514","57,62,81,214",0,0
25-05-2024,0,1041562.65,452614.38,104411.76,54246.88,25370.17,270082.74,21121880,"8,70,098","21,69,875","31,71,271","44,09,514","70,19,67,319",1,1
26-05-2024,0,1041562.65,452614.38,104411.76,54246.88,25370.17,270082.74,21121880,"8,70,098","21,69,875","31,71,271","44,09,514","95,73,63,704",1,1
27-05-2024,0,0,452614.38,104411.76,54246.88,25370.17,270082.74,0,"8,70,098","21,69,875","31,71,271","44,09,514","51,69,06,285",0,0
28-05-2024,0,0,452614.38,104411.76,54246.88,25370.17,270082.74,0,"8,70,098","21,69,875","31,71,271","44,09,514","47,06,12,203",0,0
29-05-2024,0,0,452614.38,104411.76,54246.88,25370.17,270082.74,0,"8,70,098","21,69,875","31,71,271","44,09,514","49,18,69,314",0,0
30-05-2024,0,0,452614.38,104411.76,54246.88,25370.17,270082.74,0,"8,70,098","21,69,875","31,71,271","44,09,514","51,00,91,205",0,0
2024-01-06,0,0,0,0,0,26040.62,246914.08,0,0,0,"32,55,077","40,31,250","54,90,12,736",0,1
2024-02-06,0,0,0,0,0,26040.62,246914.08,0,0,0,"32,55,077","40,31,250","67,09,87,573",0,1
2024-03-06,0,0,0,0,0,26040.62,246914.08,0,0,0,"32,55,077","40,31,250","93,32,18,402",0,0
2024-04-06,0,0,0,0,0,26040.62,246914.08,0,0,0,"32,55,077","40,31,250","51,32,36,127",0,0
2024-05-06,0,0,0,0,0,26040.62,246914.08,0,0,0,"32,55,077","40,31,250","40,06,69,759",0,0
2024-06-06,0,0,0,0,0,26040.62,246914.08,0,0,0,"32,55,077","40,31,250","47,00,16,135",0,0
2024-07-06,0,0,0,0,0,26040.62,246914.08,0,0,0,"32,55,077","40,31,250","47,59,31,122",0,0
2024-08-06,0,2913855.49,233426.7,43411.21,91512.1,26040.62,246914.08,21121880,"3,61,760","36,60,484","32,55,077","40,31,250","56,02,10,454",1,1
2024-09-06,0,2913855.49,233426.7,43411.21,91512.1,26040.62,246914.08,21121880,"3,61,760","36,60,484","32,55,077","40,31,250","74,58,48,330",1,1
2024-10-06,0,0,233426.7,43411.21,91512.1,26040.62,246914.08,0,"3,61,760","36,60,484","32,55,077","40,31,250","89,26,69,624",0,0
2024-11-06,0,0,233426.7,43411.21,91512.1,26040.62,246914.08,0,"3,61,760","36,60,484","32,55,077","40,31,250","48,06,78,878",0,0
2024-12-06,0,0,233426.7,43411.21,91512.1,26040.62,246914.08,0,"3,61,760","36,60,484","32,55,077","40,31,250","44,92,46,749",0,0
13-06-2024,0,0,233426.7,43411.21,91512.1,26040.62,246914.08,0,"3,61,760","36,60,484","32,55,077","40,31,250","46,68,32,127",0,0
14-06-2024,0,0,233426.7,43411.21,91512.1,26040.62,246914.08,0,"3,61,760","36,60,484","32,55,077","40,31,250","46,91,68,450",0,0
15-06-2024,0,2913855.49,233426.7,43411.21,91512.1,26040.62,246914.08,21121880,"3,61,760","36,60,484","32,55,077","40,31,250","49,32,07,443",1,1
16-06-2024,0,2913855.49,233426.7,43411.21,91512.1,26040.62,246914.08,21121880,"3,61,760","36,60,484","32,55,077","40,31,250","66,44,26,775",1,1
17-06-2024,0,0,233426.7,43411.21,91512.1,26040.62,246914.08,0,"3,61,760","36,60,484","32,55,077","40,31,250","93,36,10,506",0,0
18-06-2024,0,0,233426.7,43411.21,91512.1,26040.62,246914.08,0,"3,61,760","36,60,484","32,55,077","40,31,250","60,32,70,468",0,0
19-06-2024,0,0,233426.7,43411.21,91512.1,26040.62,246914.08,0,"3,61,760","36,60,484","32,55,077","40,31,250","45,02,43,301",0,0
20-06-2024,0,0,233426.7,43411.21,91512.1,26040.62,246914.08,0,"3,61,760","36,60,484","32,55,077","40,31,250","50,38,03,021",0,0
21-06-2024,0,0,233426.7,43411.21,91512.1,26040.62,246914.08,0,"3,61,760","36,60,484","32,55,077","40,31,250","70,45,55,373",0,0
22-06-2024,0,2913855.49,233426.7,43411.21,91512.1,26040.62,246914.08,21121880,"3,61,760","36,60,484","32,55,077","40,31,250","78,18,36,522",1,1
23-06-2024,0,2913855.49,233426.7,43411.21,91512.1,26040.62,246914.08,21121880,"3,61,760","36,60,484","32,55,077","40,31,250","1,05,70,71,116",1,1
24-06-2024,0,0,233426.7,43411.21,91512.1,26040.62,246914.08,0,"3,61,760","36,60,484","32,55,077","40,31,250","1,37,04,22,952",0,0
25-06-2024,0,0,233426.7,43411.21,91512.1,26040.62,246914.08,0,"3,61,760","36,60,484","32,55,077","40,31,250","35,91,90,203",0,0
26-06-2024,0,0,233426.7,43411.21,91512.1,26040.62,246914.08,0,"3,61,760","36,60,484","32,55,077","40,31,250","38,59,60,559",0,0
27-06-2024,0,0,233426.7,43411.21,91512.1,26040.62,246914.08,0,"3,61,760","36,60,484","32,55,077","40,31,250","41,97,15,673",0,0
28-06-2024,0,0,233426.7,43411.21,91512.1,26040.62,246914.08,0,"3,61,760","36,60,484","32,55,077","40,31,250","42,61,56,332",0,0
29-06-2024,0,0,0,0,0,26040.62,246914.08,0,0,0,"32,55,077","40,31,250","42,11,33,982",0,1
30-06-2024,0,0,0,0,0,26040.62,246914.08,0,0,0,"32,55,077","40,31,250","56,86,48,186",0,1
2024-01-07,0,0,0,0,0,38388.04,299348.64,0,0,0,"47,98,505","48,87,324","82,08,87,515",0,0
2024-02-07,0,0,0,0,0,38388.04,299348.64,0,0,0,"47,98,505","48,87,324","41,22,54,406",0,0
2024-03-07,0,0,0,0,0,38388.04,299348.64,0,0,0,"47,98,505","48,87,324","40,98,74,770",0,0
2024-04-07,0,0,0,0,0,38388.04,299348.64,0,0,0,"47,98,505","48,87,324","25,53,07,391",0,0
2024-05-07,0,0,0,0,0,38388.04,299348.64,0,0,0,"47,98,505","48,87,324","55,09,09,756",0,0
2024-06-07,0,0,0,0,0,38388.04,299348.64,0,0,0,"47,98,505","48,87,324","42,86,32,459",0,1
2024-07-07,0,0,0,0,0,38388.04,299348.64,0,0,0,"47,98,505","48,87,324","62,92,75,397",0,1
2024-08-07,0,0,0,0,0,38388.04,299348.64,0,0,0,"47,98,505","48,87,324","99,02,76,855",0,0
2024-09-07,0,0,0,0,0,38388.04,299348.64,0,0,0,"47,98,505","48,87,324","45,07,27,228",0,0
2024-10-07,0,0,0,0,0,38388.04,299348.64,0,0,0,"47,98,505","48,87,324","42,34,74,537",0,0
2024-11-07,0,0,0,0,0,38388.04,299348.64,0,0,0,"47,98,505","48,87,324","43,52,72,425",0,0
2024-12-07,0,0,0,0,0,38388.04,299348.64,0,0,0,"47,98,505","48,87,324","46,13,52,198",0,0
13-07-2024,0,0,0,0,0,38388.04,299348.64,0,0,0,"47,98,505","48,87,324","46,33,49,382",0,1
14-07-2024,0,0,0,0,0,38388.04,299348.64,0,0,0,"47,98,505","48,87,324","62,84,11,874",0,1
15-07-2024,0,0,0,0,0,38388.04,299348.64,0,0,0,"47,98,505","48,87,324","85,48,83,619",0,0
16-07-2024,0,0,0,0,0,38388.04,299348.64,0,0,0,"47,98,505","48,87,324","44,48,10,518",0,0
17-07-2024,0,0,658263.3,124844.19,181563.3,38388.04,299348.64,0,"10,40,368","72,62,532","47,98,505","48,87,324","42,58,21,358",0,0
18-07-2024,0,0,658263.3,124844.19,181563.3,38388.04,299348.64,0,"10,40,368","72,62,532","47,98,505","48,87,324","53,92,21,065",0,0
19-07-2024,0,0,658263.3,124844.19,181563.3,38388.04,299348.64,0,"10,40,368","72,62,532","47,98,505","48,87,324","42,72,64,198",0,0
20-07-2024,0,913980.24,658263.3,124844.19,181563.3,38388.04,299348.64,21121880,"10,40,368","72,62,532","47,98,505","48,87,324","45,95,09,608",1,1
21-07-2024,0,913980.24,658263.3,124844.19,181563.3,38388.04,299348.64,21121880,"10,40,368","72,62,532","47,98,505","48,87,324","80,10,22,401",1,1
22-07-2024,0,0,658263.3,124844.19,181563.3,38388.04,299348.64,0,"10,40,368","72,62,532","47,98,505","48,87,324","1,14,74,80,048",0,0
23-07-2024,0,0,658263.3,124844.19,181563.3,38388.04,299348.64,0,"10,40,368","72,62,532","47,98,505","48,87,324","50,77,63,501",0,0
24-07-2024,0,0,658263.3,124844.19,181563.3,38388.04,299348.64,0,"10,40,368","72,62,532","47,98,505","48,87,324","45,23,56,490",0,0
25-07-2024,0,0,658263.3,124844.19,181563.3,38388.04,299348.64,0,"10,40,368","72,62,532","47,98,505","48,87,324","43,85,71,494",0,0
26-07-2024,0,0,658263.3,124844.19,181563.3,38388.04,299348.64,0,"10,40,368","72,62,532","47,98,505","48,87,324","48,22,08,730",0,0
27-07-2024,0,913980.24,658263.3,124844.19,181563.3,38388.04,299348.64,21121880,"10,40,368","72,62,532","47,98,505","48,87,324","54,57,63,701",1,1
28-07-2024,0,913980.24,658263.3,124844.19,181563.3,38388.04,299348.64,21121880,"10,40,368","72,62,532","47,98,505","48,87,324","69,96,18,215",1,1
29-07-2024,0,0,658263.3,124844.19,181563.3,38388.04,299348.64,0,"10,40,368","72,62,532","47,98,505","48,87,324","85,42,66,983",0,0
30-07-2024,0,0,658263.3,124844.19,181563.3,38388.04,299348.64,0,"10,40,368","72,62,532","47,98,505","48,87,324","50,05,56,654",0,0
2024-01-08,0,0,0,0,0,75565.05,475152.01,0,0,0,"94,45,631","77,57,583","42,65,07,126",0,0
2024-02-08,0,0,0,0,0,75565.05,475152.01,0,0,0,"94,45,631","77,57,583","44,56,53,710",0,0
2024-03-08,0,0,0,0,0,75565.05,475152.01,0,0,0,"94,45,631","77,57,583","39,81,56,560",0,1
2024-04-08,0,0,0,0,0,75565.05,475152.01,0,0,0,"94,45,631","77,57,583","44,52,44,383",0,1
2024-05-08,0,0,0,0,0,75565.05,475152.01,0,0,0,"94,45,631","77,57,583","60,82,25,289",0,0
2024-06-08,0,0,0,0,0,75565.05,475152.01,0,0,0,"94,45,631","77,57,583","87,09,36,625",0,0
2024-07-08,0,0,0,0,0,75565.05,475152.01,0,0,0,"94,45,631","77,57,583","44,38,39,800",0,0
2024-08-08,0,0,0,0,0,75565.05,475152.01,0,0,0,"94,45,631","77,57,583","45,16,30,402",0,0
2024-09-08,0,0,0,0,0,75565.05,475152.01,0,0,0,"94,45,631","77,57,583","50,70,86,943",0,0
2024-10-08,0,0,0,0,0,75565.05,475152.01,0,0,0,"94,45,631","77,57,583","49,22,91,655",0,1
2024-11-08,0,0,0,0,0,75565.05,475152.01,0,0,0,"94,45,631","77,57,583","55,25,33,403",0,1
2024-12-08,0,0,0,0,0,75565.05,475152.01,0,0,0,"94,45,631","77,57,583","82,88,92,334",0,0
13-08-2024,0,0,0,0,0,75565.05,475152.01,0,0,0,"94,45,631","77,57,583","1,15,68,48,838",0,0
14-08-2024,0,0,0,0,0,75565.05,475152.01,0,0,0,"94,45,631","77,57,583","58,64,36,111",0,0
15-08-2024,0,0,1876750.7,229153.56,166228.09,75565.05,475152.01,0,"19,09,613","66,49,123","94,45,631","77,57,583","61,08,94,990",0,0
16-08-2024,0,0,1876750.7,229153.56,166228.09,75565.05,475152.01,0,"19,09,613","66,49,123","94,45,631","77,57,583","80,87,39,654",0,0
17-08-2024,0,1425311.68,1876750.7,229153.56,166228.09,75565.05,475152.01,21121880,"19,09,613","66,49,123","94,45,631","77,57,583","2,96,60,05,930",1,1
18-08-2024,0,1425311.68,1876750.7,229153.56,166228.09,75565.05,475152.01,21121880,"19,09,613","66,49,123","94,45,631","77,57,583","62,96,45,327",1,1
19-08-2024,0,0,1876750.7,229153.56,166228.09,75565.05,475152.01,0,"19,09,613","66,49,123","94,45,631","77,57,583","66,89,81,600",0,0
20-08-2024,0,0,1876750.7,229153.56,166228.09,75565.05,475152.01,0,"19,09,613","66,49,123","94,45,631","77,57,583","98,11,86,049",0,0
21-08-2024,0,0,1876750.7,229153.56,166228.09,75565.05,475152.01,0,"19,09,613","66,49,123","94,45,631","77,57,583","51,65,79,998",0,0
22-08-2024,0,0,1876750.7,229153.56,166228.09,75565.05,475152.01,0,"19,09,613","66,49,123","94,45,631","77,57,583","35,73,23,974",0,0
23-08-2024,0,0,1876750.7,229153.56,166228.09,75565.05,475152.01,0,"19,09,613","66,49,123","94,45,631","77,57,583","34,12,35,622",0,0
24-08-2024,0,1425311.68,1876750.7,229153.56,166228.09,75565.05,475152.01,21121880,"19,09,613","66,49,123","94,45,631","77,57,583","36,23,86,281",1,1
25-08-2024,0,1425311.68,1876750.7,229153.56,166228.09,75565.05,475152.01,21121880,"19,09,613","66,49,123","94,45,631","77,57,583","37,26,06,192",1,1
26-08-2024,0,0,1876750.7,229153.56,166228.09,75565.05,475152.01,0,"19,09,613","66,49,123","94,45,631","77,57,583","51,48,02,292",0,0
27-08-2024,0,0,1876750.7,229153.56,166228.09,75565.05,475152.01,0,"19,09,613","66,49,123","94,45,631","77,57,583","70,70,73,530",0,0
28-08-2024,0,0,1876750.7,229153.56,166228.09,75565.05,475152.01,0,"19,09,613","66,49,123","94,45,631","77,57,583","44,16,97,475",0,0
29-08-2024,0,0,0,0,0,75565.05,475152.01,0,0,0,"94,45,631","77,57,583","31,66,84,069",0,0
30-08-2024,0,0,0,0,0,75565.05,475152.01,0,0,0,"94,45,631","77,57,583","25,48,41,149",0,0
2024-01-09,0,0,0,0,0,61057.22,170305.62,0,0,0,"76,32,152","27,80,499","38,74,70,587",0,1
2024-02-09,0,0,0,0,0,61057.22,170305.62,0,0,0,"76,32,152","27,80,499","37,79,42,100",0,0
2024-03-09,0,0,0,0,0,61057.22,170305.62,0,0,0,"76,32,152","27,80,499","53,52,35,755",0,0
2024-04-09,0,0,0,0,0,61057.22,170305.62,0,0,0,"76,32,152","27,80,499","68,30,57,300",0,0
2024-05-09,0,0,0,0,0,61057.22,170305.62,0,0,0,"76,32,152","27,80,499","33,23,21,106",0,0
2024-06-09,0,0,0,0,0,61057.22,170305.62,0,0,0,"76,32,152","27,80,499","33,41,26,439",0,0
2024-07-09,0,0,0,0,0,61057.22,170305.62,0,0,0,"76,32,152","27,80,499","35,01,62,738",0,1
2024-08-09,0,0,0,0,0,61057.22,170305.62,0,0,0,"76,32,152","27,80,499","35,61,86,956",0,1
2024-09-09,0,0,0,0,0,61057.22,170305.62,0,0,0,"76,32,152","27,80,499","39,62,44,071",0,0
2024-10-09,0,0,0,0,0,61057.22,170305.62,0,0,0,"76,32,152","27,80,499","65,21,37,130",0,0
2024-11-09,0,0,0,0,0,61057.22,170305.62,0,0,0,"76,32,152","27,80,499","70,76,01,634",0,0
2024-12-09,0,0,0,0,0,61057.22,170305.62,0,0,0,"76,32,152","27,80,499","35,04,79,465",0,0
13-09-2024,0,0,0,0,0,61057.22,170305.62,0,0,0,"76,32,152","27,80,499","32,42,64,122",0,0
14-09-2024,0,0,0,0,0,61057.22,170305.62,0,0,0,"76,32,152","27,80,499","33,24,10,887",0,1
15-09-2024,0,0,0,0,0,61057.22,170305.62,0,0,0,"76,32,152","27,80,499","36,30,37,864",0,1
16-09-2024,0,0,0,0,0,61057.22,170305.62,0,0,0,"76,32,152","27,80,499","1,15,05,77,944",0,0
17-09-2024,1047324.72,0,287114.85,261230.89,63769.79,61057.22,170305.62,0,"21,76,924","25,50,791","76,32,152","27,80,499","72,89,65,598",0,0
18-09-2024,1047324.72,0,287114.85,261230.89,63769.79,61057.22,170305.62,0,"21,76,924","25,50,791","76,32,152","27,80,499","78,62,98,981",0,0
19-09-2024,1047324.72,0,287114.85,261230.89,63769.79,61057.22,170305.62,0,"21,76,924","25,50,791","76,32,152","27,80,499","44,02,21,009",0,0
20-09-2024,1047324.72,0,287114.85,261230.89,63769.79,61057.22,170305.62,0,"21,76,924","25,50,791","76,32,152","27,80,499","52,08,55,320",0,0
21-09-2024,1047324.72,698537.07,287114.85,261230.89,63769.79,61057.22,170305.62,21121880,"21,76,924","25,50,791","76,32,152","27,80,499","43,45,78,175",1,1
22-09-2024,1047324.72,698537.07,287114.85,261230.89,63769.79,61057.22,170305.62,21121880,"21,76,924","25,50,791","76,32,152","27,80,499","28,30,47,696",1,1
23-09-2024,1047324.72,0,287114.85,261230.89,63769.79,61057.22,170305.62,0,"21,76,924","25,50,791","76,32,152","27,80,499","60,79,93,009",0,0
24-09-2024,1047324.72,0,287114.85,261230.89,63769.79,61057.22,170305.62,0,"21,76,924","25,50,791","76,32,152","27,80,499","48,59,09,244",0,0
25-09-2024,1047324.72,0,287114.85,261230.89,63769.79,61057.22,170305.62,0,"21,76,924","25,50,791","76,32,152","27,80,499","61,47,32,090",0,0
26-09-2024,1047324.72,0,287114.85,261230.89,63769.79,61057.22,170305.62,0,"21,76,924","25,50,791","76,32,152","27,80,499","29,07,00,539",0,0
27-09-2024,1047324.72,0,287114.85,261230.89,63769.79,61057.22,170305.62,0,"21,76,924","25,50,791","76,32,152","27,80,499","26,21,69,669",0,0
28-09-2024,1047324.72,698537.07,287114.85,261230.89,63769.79,61057.22,170305.62,21121880,"21,76,924","25,50,791","76,32,152","27,80,499","25,53,23,534",1,1
29-09-2024,1047324.72,698537.07,287114.85,261230.89,63769.79,61057.22,170305.62,21121880,"21,76,924","25,50,791","76,32,152","27,80,499","45,95,05,967",1,1
30-09-2024,1047324.72,0,287114.85,261230.89,63769.79,61057.22,170305.62,0,"21,76,924","25,50,791","76,32,152","27,80,499","50,22,56,958",0,0
2024-01-10,2048699.72,0,627450.98,118871.07,22434.56,95167.32,287449.38,0,"9,90,592","8,97,382","1,18,95,915","46,93,051","65,77,62,535",0,0
2024-02-10,2048699.72,0,627450.98,118871.07,22434.56,95167.32,287449.38,0,"9,90,592","8,97,382","1,18,95,915","46,93,051","84,73,88,808",0,0
2024-03-10,2048699.72,0,627450.98,118871.07,22434.56,95167.32,287449.38,0,"9,90,592","8,97,382","1,18,95,915","46,93,051","41,52,86,531",0,0
2024-04-10,2048699.72,0,627450.98,118871.07,22434.56,95167.32,287449.38,0,"9,90,592","8,97,382","1,18,95,915","46,93,051","44,52,67,050",0,0
2024-05-10,2048699.72,2848316.29,627450.98,118871.07,22434.56,95167.32,287449.38,21121880,"9,90,592","8,97,382","1,18,95,915","46,93,051","74,06,95,868",1,1
2024-06-10,2048699.72,2848316.29,627450.98,118871.07,22434.56,95167.32,287449.38,21121880,"9,90,592","8,97,382","1,18,95,915","46,93,051","75,22,12,127",1,1
2024-07-10,2048699.72,0,627450.98,118871.07,22434.56,95167.32,287449.38,0,"9,90,592","8,97,382","1,18,95,915","46,93,051","80,36,42,916",0,0
2024-08-10,2048699.72,0,627450.98,118871.07,22434.56,95167.32,287449.38,0,"9,90,592","8,97,382","1,18,95,915","46,93,051","83,98,24,132",0,0
2024-09-10,2048699.72,0,627450.98,118871.07,22434.56,95167.32,287449.38,0,"9,90,592","8,97,382","1,18,95,915","46,93,051","1,34,50,14,881",0,0
2024-10-10,2048699.72,0,627450.98,118871.07,22434.56,95167.32,287449.38,0,"9,90,592","8,97,382","1,18,95,915","46,93,051","58,07,64,197",0,0
2024-11-10,2048699.72,0,627450.98,118871.07,22434.56,95167.32,287449.38,0,"9,90,592","8,97,382","1,18,95,915","46,93,051","54,33,87,286",0,0
2024-12-10,2048699.72,2848316.29,627450.98,118871.07,22434.56,95167.32,287449.38,21121880,"9,90,592","8,97,382","1,18,95,915","46,93,051","57,11,19,375",1,1
13-10-2024,2048699.72,2848316.29,627450.98,118871.07,22434.56,95167.32,287449.38,21121880,"9,90,592","8,97,382","1,18,95,915","46,93,051","60,05,30,367",1,1
14-10-2024,2048699.72,0,627450.98,118871.07,22434.56,95167.32,287449.38,0,"9,90,592","8,97,382","1,18,95,915","46,93,051","80,30,85,283",0,0
15-10-2024,2048699.72,0,627450.98,118871.07,22434.56,95167.32,287449.38,0,"9,90,592","8,97,382","1,18,95,915","46,93,051","1,73,14,34,292",0,0
16-10-2024,2048699.72,0,627450.98,118871.07,22434.56,95167.32,287449.38,0,"9,90,592","8,97,382","1,18,95,915","46,93,051","1,17,36,16,345",0,0
17-10-2024,2048699.72,0,627450.98,118871.07,22434.56,95167.32,287449.38,0,"9,90,592","8,97,382","1,18,95,915","46,93,051","47,00,44,151",0,0
18-10-2024,2048699.72,0,627450.98,118871.07,22434.56,95167.32,287449.38,0,"9,90,592","8,97,382","1,18,95,915","46,93,051","46,56,21,274",0,0
19-10-2024,2048699.72,2848316.29,627450.98,118871.07,22434.56,95167.32,287449.38,21121880,"9,90,592","8,97,382","1,18,95,915","46,93,051","47,22,29,983",1,1
20-10-2024,2048699.72,2848316.29,627450.98,118871.07,22434.56,95167.32,287449.38,21121880,"9,90,592","8,97,382","1,18,95,915","46,93,051","55,21,74,108",1,1
21-10-2024,2048699.72,0,627450.98,118871.07,22434.56,95167.32,287449.38,0,"9,90,592","8,97,382","1,18,95,915","46,93,051","61,95,90,201",0,0
22-10-2024,2048699.72,0,627450.98,118871.07,22434.56,95167.32,287449.38,0,"9,90,592","8,97,382","1,18,95,915","46,93,051","79,10,93,546",0,0
23-10-2024,2048699.72,0,627450.98,118871.07,22434.56,95167.32,287449.38,0,"9,90,592","8,97,382","1,18,95,915","46,93,051","1,26,57,36,907",0,0
24-10-2024,2048699.72,0,627450.98,118871.07,22434.56,95167.32,287449.38,0,"9,90,592","8,97,382","1,18,95,915","46,93,051","57,62,39,548",0,0
25-10-2024,2048699.72,0,627450.98,118871.07,22434.56,95167.32,287449.38,0,"9,90,592","8,97,382","1,18,95,915","46,93,051","57,22,27,215",0,0
26-10-2024,2048699.72,2848316.29,627450.98,118871.07,22434.56,95167.32,287449.38,21121880,"9,90,592","8,97,382","1,18,95,915","46,93,051","64,42,32,724",1,1
27-10-2024,2048699.72,2848316.29,627450.98,118871.07,22434.56,95167.32,287449.38,21121880,"9,90,592","8,97,382","1,18,95,915","46,93,051","77,42,50,083",1,1
28-10-2024,2048699.72,0,627450.98,118871.07,22434.56,95167.32,287449.38,0,"9,90,592","8,97,382","1,18,95,915","46,93,051","78,88,88,534",0,0
29-10-2024,2048699.72,0,627450.98,118871.07,22434.56,95167.32,287449.38,0,"9,90,592","8,97,382","1,18,95,915","46,93,051","1,20,79,74,387",0,0
30-10-2024,2048699.72,0,627450.98,118871.07,22434.56,95167.32,287449.38,0,"9,90,592","8,97,382","1,18,95,915","46,93,051","1,80,45,28,602",0,0
2024-01-11,0,0,0,0,0,20749.64,121443.71,0,0,0,"25,93,705","19,82,754","1,08,51,10,643",0,0
2024-02-11,0,0,0,0,0,20749.64,121443.71,0,0,0,"25,93,705","19,82,754","2,12,36,70,899",0,1
2024-03-11,0,0,0,0,0,20749.64,121443.71,0,0,0,"25,93,705","19,82,754","1,38,53,03,978",0,1
2024-04-11,0,0,0,0,0,20749.64,121443.71,0,0,0,"25,93,705","19,82,754","1,52,86,42,389",0,0
2024-05-11,0,0,0,0,0,20749.64,121443.71,0,0,0,"25,93,705","19,82,754","1,18,39,89,494",0,0
2024-06-11,0,0,0,0,0,20749.64,121443.71,0,0,0,"25,93,705","19,82,754","1,20,02,59,532",0,0
2024-07-11,0,0,0,0,0,20749.64,121443.71,0,0,0,"25,93,705","19,82,754","1,18,60,38,575",0,0
2024-08-11,0,0,0,0,0,20749.64,121443.71,0,0,0,"25,93,705","19,82,754","44,09,39,236",0,0
2024-09-11,0,0,0,0,0,20749.64,121443.71,0,0,0,"25,93,705","19,82,754","40,45,52,374",0,1
2024-10-11,0,0,0,0,0,20749.64,121443.71,0,0,0,"25,93,705","19,82,754","40,30,83,946",0,1
2024-11-11,0,0,0,0,0,20749.64,121443.71,0,0,0,"25,93,705","19,82,754","33,14,52,515",0,0
2024-12-11,0,0,0,0,0,20749.64,121443.71,0,0,0,"25,93,705","19,82,754","35,46,08,890",0,0
13-11-2024,0,0,0,0,0,20749.64,121443.71,0,0,0,"25,93,705","19,82,754","46,45,52,450",0,0
14-11-2024,0,0,0,0,0,20749.64,121443.71,0,0,0,"25,93,705","19,82,754","64,37,39,797",0,0
15-11-2024,0,0,0,0,0,20749.64,121443.71,0,0,0,"25,93,705","19,82,754","32,44,33,527",0,0
16-11-2024,0,0,0,0,0,20749.64,121443.71,0,0,0,"25,93,705","19,82,754","33,45,46,701",0,1
17-11-2024,0,262500,151470.59,14376.46,3630.6,20749.64,121443.71,21121880,"1,19,803","1,45,224","25,93,705","19,82,754","31,37,40,207",1,1
18-11-2024,0,0,151470.59,14376.46,3630.6,20749.64,121443.71,0,"1,19,803","1,45,224","25,93,705","19,82,754","33,88,63,688",0,0
19-11-2024,0,0,151470.59,14376.46,3630.6,20749.64,121443.71,0,"1,19,803","1,45,224","25,93,705","19,82,754","43,39,27,341",0,0
20-11-2024,0,0,151470.59,14376.46,3630.6,20749.64,121443.71,0,"1,19,803","1,45,224","25,93,705","19,82,754","46,01,50,612",0,0
21-11-2024,0,0,151470.59,14376.46,3630.6,20749.64,121443.71,0,"1,19,803","1,45,224","25,93,705","19,82,754","61,86,53,462",0,0
22-11-2024,0,0,151470.59,14376.46,3630.6,20749.64,121443.71,0,"1,19,803","1,45,224","25,93,705","19,82,754","37,60,39,761",0,0
23-11-2024,0,262500,151470.59,14376.46,3630.6,20749.64,121443.71,21121880,"1,19,803","1,45,224","25,93,705","19,82,754","32,97,43,742",1,1
24-11-2024,0,262500,151470.59,14376.46,3630.6,20749.64,121443.71,21121880,"1,19,803","1,45,224","25,93,705","19,82,754","43,36,56,395",1,1
25-11-2024,0,0,151470.59,14376.46,3630.6,20749.64,121443.71,0,"1,19,803","1,45,224","25,93,705","19,82,754","38,79,78,508",0,0
26-11-2024,0,0,151470.59,14376.46,3630.6,20749.64,121443.71,0,"1,19,803","1,45,224","25,93,705","19,82,754","35,06,66,720",0,0
27-11-2024,0,0,151470.59,14376.46,3630.6,20749.64,121443.71,0,"1,19,803","1,45,224","25,93,705","19,82,754","43,90,11,959",0,0
28-11-2024,0,0,151470.59,14376.46,3630.6,20749.64,121443.71,0,"1,19,803","1,45,224","25,93,705","19,82,754","59,60,14,501",0,0
29-11-2024,0,0,151470.59,14376.46,3630.6,20749.64,121443.71,0,"1,19,803","1,45,224","25,93,705","19,82,754","34,14,97,923",0,0
30-11-2024,0,262500,151470.59,14376.46,3630.6,20749.64,121443.71,21121880,"1,19,803","1,45,224","25,93,705","19,82,754","33,06,59,713",1,1
2024-01-12,0,0,0,0,0,10135.25,120711.18,0,0,0,"12,66,906","19,70,794","36,88,65,334",0,1
2024-02-12,0,0,0,0,0,10135.25,120711.18,0,0,0,"12,66,906","19,70,794","43,01,64,559",0,0
2024-03-12,0,0,0,0,0,10135.25,120711.18,0,0,0,"12,66,906","19,70,794","58,82,74,663",0,0
2024-04-12,0,0,0,0,0,10135.25,120711.18,0,0,0,"12,66,906","19,70,794","61,67,77,514",0,0
2024-05-12,0,0,0,0,0,10135.25,120711.18,0,0,0,"12,66,906","19,70,794","88,43,15,184",0,0
2024-06-12,0,0,0,0,0,10135.25,120711.18,0,0,0,"12,66,906","19,70,794","40,21,75,938",0,0
2024-07-12,0,0,0,0,0,10135.25,120711.18,0,0,0,"12,66,906","19,70,794","35,32,08,487",0,1
2024-08-12,12837.54,47677.7,728291.32,51124.19,183672.57,10135.25,120711.18,21121880,"4,26,034","73,46,902","12,66,906","19,70,794","35,90,26,067",1,1
2024-09-12,12837.54,0,728291.32,51124.19,183672.57,10135.25,120711.18,0,"4,26,034","73,46,902","12,66,906","19,70,794","36,60,89,781",0,0
2024-10-12,12837.54,0,728291.32,51124.19,183672.57,10135.25,120711.18,0,"4,26,034","73,46,902","12,66,906","19,70,794","37,49,01,718",0,0
2024-11-12,12837.54,0,728291.32,51124.19,183672.57,10135.25,120711.18,0,"4,26,034","73,46,902","12,66,906","19,70,794","50,37,69,351",0,0
2024-12-12,12837.54,0,728291.32,51124.19,183672.57,10135.25,120711.18,0,"4,26,034","73,46,902","12,66,906","19,70,794","69,45,08,664",0,0
13-12-2024,12837.54,0,728291.32,51124.19,183672.57,10135.25,120711.18,0,"4,26,034","73,46,902","12,66,906","19,70,794","37,09,04,276",0,0
14-12-2024,12837.54,47677.7,728291.32,51124.19,183672.57,10135.25,120711.18,21121880,"4,26,034","73,46,902","12,66,906","19,70,794","34,54,93,239",1,1
15-12-2024,12837.54,47677.7,728291.32,51124.19,183672.57,10135.25,120711.18,21121880,"4,26,034","73,46,902","12,66,906","19,70,794","37,19,11,953",1,1
16-12-2024,12837.54,0,728291.32,51124.19,183672.57,10135.25,120711.18,0,"4,26,034","73,46,902","12,66,906","19,70,794","36,35,52,003",0,0
17-12-2024,12837.54,0,728291.32,51124.19,183672.57,10135.25,120711.18,0,"4,26,034","73,46,902","12,66,906","19,70,794","51,98,72,666",0,0
18-12-2024,12837.54,0,728291.32,51124.19,183672.57,10135.25,120711.18,0,"4,26,034","73,46,902","12,66,906","19,70,794","52,81,10,493",0,0
19-12-2024,12837.54,0,728291.32,51124.19,183672.57,10135.25,120711.18,0,"4,26,034","73,46,902","12,66,906","19,70,794","65,60,14,509",0,0
20-12-2024,12837.54,0,728291.32,51124.19,183672.57,10135.25,120711.18,0,"4,26,034","73,46,902","12,66,906","19,70,794","35,17,86,246",0,0
21-12-2024,12837.54,47677.7,728291.32,51124.19,183672.57,10135.25,120711.18,21121880,"4,26,034","73,46,902","12,66,906","19,70,794","36,18,63,132",1,1
22-12-2024,0,0,0,0,0,10135.25,120711.18,0,0,0,"12,66,906","19,70,794","35,91,88,073",0,1
23-12-2024,0,0,0,0,0,10135.25,120711.18,0,0,0,"12,66,906","19,70,794","37,84,11,983",0,0
24-12-2024,0,0,0,0,0,10135.25,120711.18,0,0,0,"12,66,906","19,70,794","40,78,02,219",0,0
25-12-2024,0,0,0,0,0,10135.25,120711.18,0,0,0,"12,66,906","19,70,794","49,38,41,243",0,0
26-12-2024,0,0,0,0,0,10135.25,120711.18,0,0,0,"12,66,906","19,70,794","70,61,50,116",0,0
27-12-2024,0,0,0,0,0,10135.25,120711.18,0,0,0,"12,66,906","19,70,794","42,33,37,888",0,0
28-12-2024,0,0,0,0,0,10135.25,120711.18,0,0,0,"12,66,906","19,70,794","41,92,30,585",0,1
29-12-2024,0,0,0,0,0,10135.25,120711.18,0,0,0,"12,66,906","19,70,794","80,92,34,186",0,1
30-12-2024,0,0,0,0,0,10135.25,120711.18,0,0,0,"12,66,906","19,70,794","46,16,60,139",0,0
2025-01-01,0,0,0,0,0,7314.39,169192.5,0,0,0,"9,14,298","27,62,326","44,87,64,442",0,0
2025-02-01,0,0,0,0,0,7314.39,169192.5,0,0,0,"9,14,298","27,62,326","54,13,66,887",0,0
2025-03-01,0,0,0,0,0,7314.39,169192.5,0,0,0,"9,14,298","27,62,326","72,16,88,499",0,0
2025-04-01,0,0,0,0,0,7314.39,169192.5,0,0,0,"9,14,298","27,62,326","44,18,31,606",0,1
2025-05-01,0,0,0,0,0,7314.39,169192.5,0,0,0,"9,14,298","27,62,326","54,83,14,577",0,1
2025-06-01,0,0,0,0,0,7314.39,169192.5,0,0,0,"9,14,298","27,62,326","67,53,63,871",0,0
2025-07-01,0,0,0,0,0,7314.39,169192.5,0,0,0,"9,14,298","27,62,326","43,06,09,900",0,0
2025-08-01,0,0,0,0,0,7314.39,169192.5,0,0,0,"9,14,298","27,62,326","46,11,05,674",0,0
2025-09-01,0,0,0,0,0,7314.39,169192.5,0,0,0,"9,14,298","27,62,326","82,60,34,042",0,0
2025-10-01,0,0,0,0,0,7314.39,169192.5,0,0,0,"9,14,298","27,62,326","76,08,13,518",0,0
2025-11-01,0,0,0,0,0,7314.39,169192.5,0,0,0,"9,14,298","27,62,326","51,89,14,243",0,1
2025-12-01,0,0,0,0,0,7314.39,169192.5,0,0,0,"9,14,298","27,62,326","40,36,88,148",0,1
13-01-2025,0,0,0,0,0,7314.39,169192.5,0,0,0,"9,14,298","27,62,326","39,32,47,879",0,0
14-01-2025,0,0,0,0,0,7314.39,169192.5,0,0,0,"9,14,298","27,62,326","44,49,27,177",0,0
15-01-2025,0,0,0,0,0,7314.39,169192.5,0,0,0,"9,14,298","27,62,326","47,69,70,039",0,0
16-01-2025,0,0,0,0,0,7314.39,169192.5,0,0,0,"9,14,298","27,62,326","51,52,30,844",0,0
17-01-2025,153300.43,0,519257.7,354950.98,182807.31,7314.39,169192.5,0,"29,57,924","73,12,292","9,14,298","27,62,326","67,94,71,062",0,0
18-01-2025,153300.43,1878590.17,519257.7,354950.98,182807.31,7314.39,169192.5,21121880,"29,57,924","73,12,292","9,14,298","27,62,326","44,97,44,887",1,1
19-01-2025,153300.43,1878590.17,519257.7,354950.98,182807.31,7314.39,169192.5,21121880,"29,57,924","73,12,292","9,14,298","27,62,326","54,90,90,728",1,1
20-01-2025,153300.43,0,519257.7,354950.98,182807.31,7314.39,169192.5,0,"29,57,924","73,12,292","9,14,298","27,62,326","48,16,13,430",0,0
21-01-2025,153300.43,0,519257.7,354950.98,182807.31,7314.39,169192.5,0,"29,57,924","73,12,292","9,14,298","27,62,326","45,98,41,097",0,0
22-01-2025,153300.43,0,519257.7,354950.98,182807.31,7314.39,169192.5,0,"29,57,924","73,12,292","9,14,298","27,62,326","47,99,51,303",0,0
23-01-2025,153300.43,0,519257.7,354950.98,182807.31,7314.39,169192.5,0,"29,57,924","73,12,292","9,14,298","27,62,326","67,79,35,438",0,0
24-01-2025,153300.43,0,519257.7,354950.98,182807.31,7314.39,169192.5,0,"29,57,924","73,12,292","9,14,298","27,62,326","84,52,26,996",0,0
25-01-2025,153300.43,1878590.17,519257.7,354950.98,182807.31,7314.39,169192.5,21121880,"29,57,924","73,12,292","9,14,298","27,62,326","50,52,42,765",1,1
26-01-2025,153300.43,1878590.17,519257.7,354950.98,182807.31,7314.39,169192.5,21121880,"29,57,924","73,12,292","9,14,298","27,62,326","45,46,16,348",1,1
27-01-2025,153300.43,0,519257.7,354950.98,182807.31,7314.39,169192.5,0,"29,57,924","73,12,292","9,14,298","27,62,326","45,77,91,885",0,0
28-01-2025,153300.43,0,519257.7,354950.98,182807.31,7314.39,169192.5,0,"29,57,924","73,12,292","9,14,298","27,62,326","60,42,64,186",0,0
29-01-2025,153300.43,0,519257.7,354950.98,182807.31,7314.39,169192.5,0,"29,57,924","73,12,292","9,14,298","27,62,326","78,18,97,537",0,0
30-01-2025,153300.43,0,519257.7,354950.98,182807.31,7314.39,169192.5,0,"29,57,924","73,12,292","9,14,298","27,62,326","1,18,27,25,196",0,0
2025-01-02,0,0,0,0,0,5509.63,111825.29,0,0,0,"6,88,703","18,25,719","2,87,92,85,348",0,1
2025-02-02,0,0,0,0,0,5509.63,111825.29,0,0,0,"6,88,703","18,25,719","45,88,49,100",0,1
2025-03-02,0,0,0,0,0,5509.63,111825.29,0,0,0,"6,88,703","18,25,719","35,47,15,528",0,0
2025-04-02,0,0,0,0,0,5509.63,111825.29,0,0,0,"6,88,703","18,25,719","34,62,83,213",0,0
2025-05-02,0,0,0,0,0,5509.63,111825.29,0,0,0,"6,88,703","18,25,719","40,91,95,386",0,0
2025-06-02,0,0,0,0,0,5509.63,111825.29,0,0,0,"6,88,703","18,25,719","42,67,63,055",0,0
2025-07-02,0,0,0,0,0,5509.63,111825.29,0,0,0,"6,88,703","18,25,719","51,84,32,395",0,0
2025-08-02,0,62499.99,1365546.22,11243,113214.69,5509.63,111825.29,21121880,"93,691","45,28,587","6,88,703","18,25,719","72,72,34,490",1,1
2025-09-02,0,62499.99,1365546.22,11243,113214.69,5509.63,111825.29,21121880,"93,691","45,28,587","6,88,703","18,25,719","36,20,80,218",1,1
2025-10-02,0,0,1365546.22,11243,113214.69,5509.63,111825.29,0,"93,691","45,28,587","6,88,703","18,25,719","36,84,19,456",0,0
2025-11-02,0,0,1365546.22,11243,113214.69,5509.63,111825.29,0,"93,691","45,28,587","6,88,703","18,25,719","41,76,94,149",0,0
2025-12-02,0,0,1365546.22,11243,113214.69,5509.63,111825.29,0,"93,691","45,28,587","6,88,703","18,25,719","40,09,96,651",0,0
13-02-2025,0,0,1365546.22,11243,113214.69,5509.63,111825.29,0,"93,691","45,28,587","6,88,703","18,25,719","40,57,80,118",0,0
14-02-2025,0,0,1365546.22,11243,113214.69,5509.63,111825.29,0,"93,691","45,28,587","6,88,703","18,25,719","61,53,72,432",0,0
15-02-2025,0,62499.99,1365546.22,11243,113214.69,5509.63,111825.29,21121880,"93,691","45,28,587","6,88,703","18,25,719","80,31,92,209",1,1
16-02-2025,0,62499.99,1365546.22,11243,113214.69,5509.63,111825.29,21121880,"93,691","45,28,587","6,88,703","18,25,719","42,04,27,379",1,1
17-02-2025,0,0,1365546.22,11243,113214.69,5509.63,111825.29,0,"93,691","45,28,587","6,88,703","18,25,719","40,27,85,650",0,0
18-02-2025,0,0,1365546.22,11243,113214.69,5509.63,111825.29,0,"93,691","45,28,587","6,88,703","18,25,719","41,27,76,699",0,0
19-02-2025,0,0,1365546.22,11243,113214.69,5509.63,111825.29,0,"93,691","45,28,587","6,88,703","18,25,719","45,64,35,960",0,0
20-02-2025,0,0,1365546.22,11243,113214.69,5509.63,111825.29,0,"93,691","45,28,587","6,88,703","18,25,719","55,34,32,382",0,0
21-02-2025,0,0,1365546.22,11243,113214.69,5509.63,111825.29,0,"93,691","45,28,587","6,88,703","18,25,719","65,39,09,262",0,0
22-02-2025,0,0,0,0,0,5509.63,111825.29,0,0,0,"6,88,703","18,25,719","87,80,68,561",0,1
23-02-2025,0,0,0,0,0,5509.63,111825.29,0,0,0,"6,88,703","18,25,719","39,96,68,711",0,1
24-02-2025,0,0,0,0,0,5509.63,111825.29,0,0,0,"6,88,703","18,25,719","41,18,37,165",0,0
25-02-2025,0,0,0,0,0,5509.63,111825.29,0,0,0,"6,88,703","18,25,719","43,51,32,466",0,0
26-02-2025,0,0,0,0,0,5509.63,111825.29,0,0,0,"6,88,703","18,25,719","40,31,98,287",0,0
27-02-2025,0,0,0,0,0,5509.63,111825.29,0,0,0,"6,88,703","18,25,719","44,53,51,461",0,0
28-02-2025,0,0,0,0,0,5509.63,111825.29,0,0,0,"6,88,703","18,25,719","65,05,18,838",0,0
2025-01-03,0,0,0,0,0,5509.63,111825.29,0,0,0,"6,88,703","18,25,719","79,52,76,626",0,1
2025-01-03,0,614591.28,165032.68,163.4,61004.08,7381.89,130589.92,21121880,"1,361","24,40,163","9,22,736","21,32,080","42,71,54,384",1,1
2025-02-03,0,0,0,0,0,5509.63,111825.29,0,0,0,"6,88,703","18,25,719","39,01,53,264",0,1
2025-02-03,0,614591.28,165032.68,163.4,61004.08,7381.89,130589.92,21121880,"1,361","24,40,163","9,22,736","21,32,080","72,54,67,205",1,1
2025-03-03,0,0,165032.68,163.4,61004.08,7381.89,130589.92,0,"1,361","24,40,163","9,22,736","21,32,080","37,57,55,479",0,0
2025-04-03,0,0,165032.68,163.4,61004.08,7381.89,130589.92,0,"1,361","24,40,163","9,22,736","21,32,080","44,84,55,985",0,0
2025-05-03,0,0,165032.68,163.4,61004.08,7381.89,130589.92,0,"1,361","24,40,163","9,22,736","21,32,080","66,99,63,822",0,0
2025-06-03,0,0,165032.68,163.4,61004.08,7381.89,130589.92,0,"1,361","24,40,163","9,22,736","21,32,080","90,87,61,066",0,0
2025-07-03,0,0,165032.68,163.4,61004.08,7381.89,130589.92,0,"1,361","24,40,163","9,22,736","21,32,080","45,90,35,440",0,0
2025-08-03,0,614591.28,165032.68,163.4,61004.08,7381.89,130589.92,21121880,"1,361","24,40,163","9,22,736","21,32,080","42,50,40,876",1,1
2025-09-03,0,614591.28,165032.68,163.4,61004.08,7381.89,130589.92,21121880,"1,361","24,40,163","9,22,736","21,32,080","47,63,69,151",1,1
2025-10-03,0,0,165032.68,163.4,61004.08,7381.89,130589.92,0,"1,361","24,40,163","9,22,736","21,32,080","48,41,76,472",0,0
2025-11-03,0,0,165032.68,163.4,61004.08,7381.89,130589.92,0,"1,361","24,40,163","9,22,736","21,32,080","56,50,51,387",0,0
2025-12-03,0,0,165032.68,163.4,61004.08,7381.89,130589.92,0,"1,361","24,40,163","9,22,736","21,32,080","76,82,02,019",0,0
13-03-2025,0,0,165032.68,163.4,61004.08,7381.89,130589.92,0,"1,361","24,40,163","9,22,736","21,32,080","85,73,59,359",0,0
14-03-2025,0,0,165032.68,163.4,61004.08,7381.89,130589.92,0,"1,361","24,40,163","9,22,736","21,32,080","47,35,61,323",0,0
15-03-2025,0,614591.28,165032.68,163.4,61004.08,7381.89,130589.92,21121880,"1,361","24,40,163","9,22,736","21,32,080","49,01,97,302",1,1
16-03-2025,0,614591.28,165032.68,163.4,61004.08,7381.89,130589.92,21121880,"1,361","24,40,163","9,22,736","21,32,080","52,33,88,982",1,1
17-03-2025,0,0,165032.68,163.4,61004.08,7381.89,130589.92,0,"1,361","24,40,163","9,22,736","21,32,080","61,24,66,603",0,0
18-03-2025,0,0,165032.68,163.4,61004.08,7381.89,130589.92,0,"1,361","24,40,163","9,22,736","21,32,080","51,69,80,679",0,0
19-03-2025,0,0,165032.68,163.4,61004.08,7381.89,130589.92,0,"1,361","24,40,163","9,22,736","21,32,080","91,25,98,767",0,0
20-03-2025,0,0,165032.68,163.4,61004.08,7381.89,130589.92,0,"1,361","24,40,163","9,22,736","21,32,080","1,17,61,03,585",0,0
21-03-2025,0,0,165032.68,163.4,61004.08,7381.89,130589.92,0,"1,361","24,40,163","9,22,736","21,32,080","57,23,68,661",0,0
22-03-2025,0,614591.28,165032.68,163.4,61004.08,7381.89,130589.92,21121880,"1,361","24,40,163","9,22,736","21,32,080","55,97,84,949",1,1
23-03-2025,0,614591.28,165032.68,163.4,61004.08,7381.89,130589.92,21121880,"1,361","24,40,163","9,22,736","21,32,080","57,40,03,810",1,1
24-03-2025,0,0,165032.68,163.4,61004.08,7381.89,130589.92,0,"1,361","24,40,163","9,22,736","21,32,080","59,45,40,026",0,0
25-03-2025,0,0,165032.68,163.4,61004.08,7381.89,130589.92,0,"1,361","24,40,163","9,22,736","21,32,080","58,37,30,333",0,0
26-03-2025,0,0,165032.68,163.4,61004.08,7381.89,130589.92,0,"1,361","24,40,163","9,22,736","21,32,080","78,25,85,610",0,0
27-03-2025,0,0,165032.68,163.4,61004.08,7381.89,130589.92,0,"1,361","24,40,163","9,22,736","21,32,080","1,04,35,04,059",0,0
28-03-2025,0,0,165032.68,163.4,61004.08,7381.89,130589.92,0,"1,361","24,40,163","9,22,736","21,32,080","53,09,95,186",0,0
29-03-2025,0,614591.28,165032.68,163.4,61004.08,7381.89,130589.92,21121880,"1,361","24,40,163","9,22,736","21,32,080","54,16,74,734",1,1
30-03-2025,0,614591.28,165032.68,163.4,61004.08,7381.89,130589.92,21121880,"1,361","24,40,163","9,22,736","21,32,080","53,84,06,959",1,1
2025-01-04,0,0,522875.82,46984.98,42219.52,6614.93,207805.39,0,"3,91,541","16,88,780","8,26,866","33,92,741","62,01,00,536",0,0
2025-02-04,0,0,522875.82,46984.98,42219.52,6614.93,207805.39,0,"3,91,541","16,88,780","8,26,866","33,92,741","67,56,25,164",0,0
2025-03-04,0,0,522875.82,46984.98,42219.52,6614.93,207805.39,0,"3,91,541","16,88,780","8,26,866","33,92,741","87,24,84,984",0,0
2025-04-04,0,0,522875.82,46984.98,42219.52,6614.93,207805.39,0,"3,91,541","16,88,780","8,26,866","33,92,741","2,16,13,75,323",0,0
2025-05-04,0,910885.43,522875.82,46984.98,42219.52,6614.93,207805.39,21121880,"3,91,541","16,88,780","8,26,866","33,92,741","94,81,11,736",1,1
2025-06-04,0,910885.43,522875.82,46984.98,42219.52,6614.93,207805.39,21121880,"3,91,541","16,88,780","8,26,866","33,92,741","59,87,49,268",1,1
2025-07-04,0,0,522875.82,46984.98,42219.52,6614.93,207805.39,0,"3,91,541","16,88,780","8,26,866","33,92,741","57,74,69,005",0,0
2025-08-04,0,0,522875.82,46984.98,42219.52,6614.93,207805.39,0,"3,91,541","16,88,780","8,26,866","33,92,741","57,45,01,195",0,0
2025-09-04,0,0,522875.82,46984.98,42219.52,6614.93,207805.39,0,"3,91,541","16,88,780","8,26,866","33,92,741","62,50,89,742",0,0
2025-10-04,0,0,522875.82,46984.98,42219.52,6614.93,207805.39,0,"3,91,541","16,88,780","8,26,866","33,92,741","81,62,53,826",0,0
2025-11-04,0,0,522875.82,46984.98,42219.52,6614.93,207805.39,0,"3,91,541","16,88,780","8,26,866","33,92,741","1,28,69,36,240",0,0
2025-12-04,0,910885.43,522875.82,46984.98,42219.52,6614.93,207805.39,21121880,"3,91,541","16,88,780","8,26,866","33,92,741","62,87,41,928",1,1
13-04-2025,0,910885.43,522875.82,46984.98,42219.52,6614.93,207805.39,21121880,"3,91,541","16,88,780","8,26,866","33,92,741","63,30,96,613",1,1
14-04-2025,0,0,522875.82,46984.98,42219.52,6614.93,207805.39,0,"3,91,541","16,88,780","8,26,866","33,92,741","67,16,24,327",0,0
15-04-2025,0,0,522875.82,46984.98,42219.52,6614.93,207805.39,0,"3,91,541","16,88,780","8,26,866","33,92,741","82,92,88,951",0,0
16-04-2025,0,0,522875.82,46984.98,42219.52,6614.93,207805.39,0,"3,91,541","16,88,780","8,26,866","33,92,741","68,31,53,883",0,0
17-04-2025,0,0,522875.82,46984.98,42219.52,6614.93,207805.39,0,"3,91,541","16,88,780","8,26,866","33,92,741","86,39,60,477",0,0
18-04-2025,0,0,522875.82,46984.98,42219.52,6614.93,207805.39,0,"3,91,541","16,88,780","8,26,866","33,92,741","1,07,56,47,574",0,0
19-04-2025,0,910885.43,522875.82,46984.98,42219.52,6614.93,207805.39,21121880,"3,91,541","16,88,780","8,26,866","33,92,741","76,78,20,189",1,1
20-04-2025,0,910885.43,522875.82,46984.98,42219.52,6614.93,207805.39,21121880,"3,91,541","16,88,780","8,26,866","33,92,741","55,58,77,837",1,1
21-04-2025,0,0,522875.82,46984.98,42219.52,6614.93,207805.39,0,"3,91,541","16,88,780","8,26,866","33,92,741","56,23,44,980",0,0
22-04-2025,0,0,522875.82,46984.98,42219.52,6614.93,207805.39,0,"3,91,541","16,88,780","8,26,866","33,92,741","60,19,83,761",0,0
23-04-2025,0,0,522875.82,46984.98,42219.52,6614.93,207805.39,0,"3,91,541","16,88,780","8,26,866","33,92,741","91,08,93,509",0,0
24-04-2025,0,0,522875.82,46984.98,42219.52,6614.93,207805.39,0,"3,91,541","16,88,780","8,26,866","33,92,741","78,48,42,457",0,0
25-04-2025,0,0,522875.82,46984.98,42219.52,6614.93,207805.39,0,"3,91,541","16,88,780","8,26,866","33,92,741","1,06,42,13,031",0,0
26-04-2025,0,910885.43,522875.82,46984.98,42219.52,6614.93,207805.39,21121880,"3,91,541","16,88,780","8,26,866","33,92,741","58,59,55,008",1,1
27-04-2025,0,910885.43,522875.82,46984.98,42219.52,6614.93,207805.39,21121880,"3,91,541","16,88,780","8,26,866","33,92,741","55,45,84,012",1,1
28-04-2025,0,0,522875.82,46984.98,42219.52,6614.93,207805.39,0,"3,91,541","16,88,780","8,26,866","33,92,741","57,25,79,488",0,0
29-04-2025,0,0,522875.82,46984.98,42219.52,6614.93,207805.39,0,"3,91,541","16,88,780","8,26,866","33,92,741","60,14,08,353",0,0
30-04-2025,0,0,522875.82,46984.98,42219.52,6614.93,207805.39,0,"3,91,541","16,88,780","8,26,866","33,92,741","59,34,73,424",0,0
2025-01-05,0,0,196078.43,26143.79,57336.35,2515.81,218245.65,0,"2,17,864","22,93,454","3,14,476","35,63,194","80,94,93,112",0,0
2025-02-05,0,0,196078.43,26143.79,57336.35,2515.81,218245.65,0,"2,17,864","22,93,454","3,14,476","35,63,194","1,02,11,27,817",0,0
2025-03-05,0,747643.58,196078.43,26143.79,57336.35,2515.81,218245.65,21121880,"2,17,864","22,93,454","3,14,476","35,63,194","56,95,32,517",1,1
2025-04-05,0,747643.58,196078.43,26143.79,57336.35,2515.81,218245.65,21121880,"2,17,864","22,93,454","3,14,476","35,63,194","53,93,03,698",1,1
2025-05-05,0,0,196078.43,26143.79,57336.35,2515.81,218245.65,0,"2,17,864","22,93,454","3,14,476","35,63,194","1,06,02,78,986",0,0
2025-06-05,0,0,196078.43,26143.79,57336.35,2515.81,218245.65,0,"2,17,864","22,93,454","3,14,476","35,63,194","1,04,53,78,499",0,0
2025-07-05,0,0,196078.43,26143.79,57336.35,2515.81,218245.65,0,"2,17,864","22,93,454","3,14,476","35,63,194","56,54,21,812",0,0
2025-08-05,0,0,196078.43,26143.79,57336.35,2515.81,218245.65,0,"2,17,864","22,93,454","3,14,476","35,63,194","72,22,41,442",0,0
2025-09-05,0,0,196078.43,26143.79,57336.35,2515.81,218245.65,0,"2,17,864","22,93,454","3,14,476","35,63,194","92,58,86,383",0,0
2025-10-05,0,747643.58,196078.43,26143.79,57336.35,2515.81,218245.65,21121880,"2,17,864","22,93,454","3,14,476","35,63,194","50,86,95,960",1,1
2025-11-05,0,747643.58,196078.43,26143.79,57336.35,2515.81,218245.65,21121880,"2,17,864","22,93,454","3,14,476","35,63,194","47,83,58,354",1,1
2025-12-05,0,0,196078.43,26143.79,57336.35,2515.81,218245.65,0,"2,17,864","22,93,454","3,14,476","35,63,194","41,81,65,123",0,0
13-05-2025,0,0,196078.43,26143.79,57336.35,2515.81,218245.65,0,"2,17,864","22,93,454","3,14,476","35,63,194","50,12,37,431",0,0
14-05-2025,0,0,196078.43,26143.79,57336.35,2515.81,218245.65,0,"2,17,864","22,93,454","3,14,476","35,63,194","45,83,76,806",0,0
15-05-2025,0,0,196078.43,26143.79,57336.35,2515.81,218245.65,0,"2,17,864","22,93,454","3,14,476","35,63,194","66,46,50,848",0,0
16-05-2025,0,0,196078.43,26143.79,57336.35,2515.81,218245.65,0,"2,17,864","22,93,454","3,14,476","35,63,194","98,18,96,885",0,0
17-05-2025,0,747643.58,196078.43,26143.79,57336.35,2515.81,218245.65,21121880,"2,17,864","22,93,454","3,14,476","35,63,194","57,96,55,282",1,1
18-05-2025,0,747643.58,196078.43,26143.79,57336.35,2515.81,218245.65,21121880,"2,17,864","22,93,454","3,14,476","35,63,194","48,23,31,862",1,1
19-05-2025,0,0,196078.43,26143.79,57336.35,2515.81,218245.65,0,"2,17,864","22,93,454","3,14,476","35,63,194","52,28,24,844",0,0
20-05-2025,0,0,196078.43,26143.79,57336.35,2515.81,218245.65,0,"2,17,864","22,93,454","3,14,476","35,63,194","54,20,59,673",0,0
21-05-2025,0,0,196078.43,26143.79,57336.35,2515.81,218245.65,0,"2,17,864","22,93,454","3,14,476","35,63,194","58,60,40,710",0,0
22-05-2025,0,0,196078.43,26143.79,57336.35,2515.81,218245.65,0,"2,17,864","22,93,454","3,14,476","35,63,194","73,97,93,536",0,0
23-05-2025,0,0,196078.43,26143.79,57336.35,2515.81,218245.65,0,"2,17,864","22,93,454","3,14,476","35,63,194","1,04,22,03,308",0,0
24-05-2025,0,747643.58,196078.43,26143.79,57336.35,2515.81,218245.65,21121880,"2,17,864","22,93,454","3,14,476","35,63,194","60,43,31,206",1,1
25-05-2025,0,747643.58,196078.43,26143.79,57336.35,2515.81,218245.65,21121880,"2,17,864","22,93,454","3,14,476","35,63,194","56,49,52,065",1,1
26-05-2025,0,0,196078.43,26143.79,57336.35,2515.81,218245.65,0,"2,17,864","22,93,454","3,14,476","35,63,194","60,70,26,406",0,0
27-05-2025,0,0,196078.43,26143.79,57336.35,2515.81,218245.65,0,"2,17,864","22,93,454","3,14,476","35,63,194","59,24,75,988",0,0
28-05-2025,0,0,196078.43,26143.79,57336.35,2515.81,218245.65,0,"2,17,864","22,93,454","3,14,476","35,63,194","59,61,74,850",0,0
29-05-2025,0,0,196078.43,26143.79,57336.35,2515.81,218245.65,0,"2,17,864","22,93,454","3,14,476","35,63,194","72,86,61,283",0,0
30-05-2025,0,0,196078.43,26143.79,57336.35,2515.81,218245.65,0,"2,17,864","22,93,454","3,14,476","35,63,194","95,89,31,071",0,0
2025-01-06,0,0,0,0,0,4877.01,201851.31,0,0,0,"6,09,626","32,95,531","52,09,94,683",0,1
2025-02-06,0,0,0,0,0,4877.01,201851.31,0,0,0,"6,09,626","32,95,531","49,57,35,056",0,0
2025-03-06,0,0,0,0,0,4877.01,201851.31,0,0,0,"6,09,626","32,95,531","57,85,08,580",0,0
2025-04-06,0,0,0,0,0,4877.01,201851.31,0,0,0,"6,09,626","32,95,531","58,37,56,437",0,0
2025-05-06,0,0,0,0,0,4877.01,201851.31,0,0,0,"6,09,626","32,95,531","58,37,88,091",0,0
2025-06-06,0,0,0,0,0,4877.01,201851.31,0,0,0,"6,09,626","32,95,531","72,77,61,208",0,0
2025-07-06,0,0,0,0,0,4877.01,201851.31,0,0,0,"6,09,626","32,95,531","91,05,45,051",0,1
2025-08-06,0,694608.42,280112.04,177404.3,43068.59,4877.01,201851.31,21121880,"14,78,369","17,22,743","6,09,626","32,95,531","52,80,96,186",1,1
2025-09-06,0,0,280112.04,177404.3,43068.59,4877.01,201851.31,0,"14,78,369","17,22,743","6,09,626","32,95,531","45,47,20,543",0,0
2025-10-06,0,0,280112.04,177404.3,43068.59,4877.01,201851.31,0,"14,78,369","17,22,743","6,09,626","32,95,531","47,04,77,536",0,0
2025-11-06,0,0,280112.04,177404.3,43068.59,4877.01,201851.31,0,"14,78,369","17,22,743","6,09,626","32,95,531","49,08,40,615",0,0
2025-12-06,0,0,280112.04,177404.3,43068.59,4877.01,201851.31,0,"14,78,369","17,22,743","6,09,626","32,95,531","53,50,78,790",0,0
13-06-2025,0,0,280112.04,177404.3,43068.59,4877.01,201851.31,0,"14,78,369","17,22,743","6,09,626","32,95,531","88,30,59,350",0,0
14-06-2025,0,694608.42,280112.04,177404.3,43068.59,4877.01,201851.31,21121880,"14,78,369","17,22,743","6,09,626","32,95,531","87,81,35,933",1,1
15-06-2025,0,694608.42,280112.04,177404.3,43068.59,4877.01,201851.31,21121880,"14,78,369","17,22,743","6,09,626","32,95,531","52,01,52,066",1,1
16-06-2025,0,0,280112.04,177404.3,43068.59,4877.01,201851.31,0,"14,78,369","17,22,743","6,09,626","32,95,531","51,41,01,973",0,0
17-06-2025,0,0,280112.04,177404.3,43068.59,4877.01,201851.31,0,"14,78,369","17,22,743","6,09,626","32,95,531","54,24,24,681",0,0
18-06-2025,0,0,280112.04,177404.3,43068.59,4877.01,201851.31,0,"14,78,369","17,22,743","6,09,626","32,95,531","58,26,45,513",0,0
19-06-2025,0,0,280112.04,177404.3,43068.59,4877.01,201851.31,0,"14,78,369","17,22,743","6,09,626","32,95,531","60,37,25,320",0,0
20-06-2025,0,0,280112.04,177404.3,43068.59,4877.01,201851.31,0,"14,78,369","17,22,743","6,09,626","32,95,531","84,05,62,117",0,0
21-06-2025,0,694608.42,280112.04,177404.3,43068.59,4877.01,201851.31,21121880,"14,78,369","17,22,743","6,09,626","32,95,531","1,05,25,26,353",1,1
22-06-2025,0,694608.42,280112.04,177404.3,43068.59,4877.01,201851.31,21121880,"14,78,369","17,22,743","6,09,626","32,95,531","49,15,86,765",1,1
23-06-2025,0,0,280112.04,177404.3,43068.59,4877.01,201851.31,0,"14,78,369","17,22,743","6,09,626","32,95,531","43,08,74,894",0,0
24-06-2025,0,0,280112.04,177404.3,43068.59,4877.01,201851.31,0,"14,78,369","17,22,743","6,09,626","32,95,531","45,13,81,582",0,0
25-06-2025,0,0,280112.04,177404.3,43068.59,4877.01,201851.31,0,"14,78,369","17,22,743","6,09,626","32,95,531","48,52,92,360",0,0
26-06-2025,0,0,280112.04,177404.3,43068.59,4877.01,201851.31,0,"14,78,369","17,22,743","6,09,626","32,95,531","53,77,59,579",0,0
27-06-2025,0,0,280112.04,177404.3,43068.59,4877.01,201851.31,0,"14,78,369","17,22,743","6,09,626","32,95,531","73,71,29,503",0,0
28-06-2025,0,694608.42,280112.04,177404.3,43068.59,4877.01,201851.31,21121880,"14,78,369","17,22,743","6,09,626","32,95,531","1,03,91,48,998",1,1
29-06-2025,0,0,0,0,0,4877.01,201851.31,0,0,0,"6,09,626","32,95,531","50,52,04,391",0,1
30-06-2025,0,0,0,0,0,4877.01,201851.31,0,0,0,"6,09,626","32,95,531","44,44,79,441",0,0
2025-01-07,0,0,0,0,0,4562.71,189731.34,0,0,0,"5,70,338","30,97,654","45,03,49,689",0,0
2025-02-07,0,0,0,0,0,4562.71,189731.34,0,0,0,"5,70,338","30,97,654","49,02,55,418",0,0
2025-03-07,0,0,0,0,0,4562.71,189731.34,0,0,0,"5,70,338","30,97,654","60,92,33,978",0,0
2025-04-07,0,0,0,0,0,4562.71,189731.34,0,0,0,"5,70,338","30,97,654","68,58,22,023",0,0
2025-05-07,0,0,0,0,0,4562.71,189731.34,0,0,0,"5,70,338","30,97,654","92,39,72,961",0,1
2025-06-07,0,0,0,0,0,4562.71,189731.34,0,0,0,"5,70,338","30,97,654","51,83,81,583",0,1
2025-07-07,0,0,0,0,0,4562.71,189731.34,0,0,0,"5,70,338","30,97,654","59,77,32,398",0,0
2025-08-07,0,0,0,0,0,4562.71,189731.34,0,0,0,"5,70,338","30,97,654","47,83,52,542",0,0
2025-09-07,0,0,0,0,0,4562.71,189731.34,0,0,0,"5,70,338","30,97,654","54,77,57,091",0,0
2025-10-07,0,0,0,0,0,4562.71,189731.34,0,0,0,"5,70,338","30,97,654","47,72,08,320",0,0
2025-11-07,0,0,0,0,0,4562.71,189731.34,0,0,0,"5,70,338","30,97,654","67,64,24,831",0,0
2025-12-07,0,0,0,0,0,4562.71,189731.34,0,0,0,"5,70,338","30,97,654","93,26,01,633",0,1
13-07-2025,0,0,0,0,0,4562.71,189731.34,0,0,0,"5,70,338","30,97,654","47,52,74,755",0,1
14-07-2025,0,0,0,0,0,4562.71,189731.34,0,0,0,"5,70,338","30,97,654","45,45,71,711",0,0
15-07-2025,0,0,0,0,0,4562.71,189731.34,0,0,0,"5,70,338","30,97,654","43,28,99,622",0,0
16-07-2025,0,0,0,0,0,4562.71,189731.34,0,0,0,"5,70,338","30,97,654","47,66,97,908",0,0
17-07-2025,0,0,1228991.6,305735.64,139227.73,4562.71,189731.34,0,"25,47,797","55,69,109","5,70,338","30,97,654","61,92,94,522",0,0
18-07-2025,0,0,1228991.6,305735.64,139227.73,4562.71,189731.34,0,"25,47,797","55,69,109","5,70,338","30,97,654","92,38,27,118",0,0
19-07-2025,0,367647.07,1228991.6,305735.64,139227.73,4562.71,189731.34,21121880,"25,47,797","55,69,109","5,70,338","30,97,654","1,14,17,99,492",1,1
20-07-2025,0,367647.07,1228991.6,305735.64,139227.73,4562.71,189731.34,21121880,"25,47,797","55,69,109","5,70,338","30,97,654","61,24,24,837",1,1
21-07-2025,0,0,1228991.6,305735.64,139227.73,4562.71,189731.34,0,"25,47,797","55,69,109","5,70,338","30,97,654","47,13,94,473",0,0
22-07-2025,0,0,1228991.6,305735.64,139227.73,4562.71,189731.34,0,"25,47,797","55,69,109","5,70,338","30,97,654","51,79,38,877",0,0
23-07-2025,0,0,1228991.6,305735.64,139227.73,4562.71,189731.34,0,"25,47,797","55,69,109","5,70,338","30,97,654","51,51,68,534",0,0
24-07-2025,0,0,1228991.6,305735.64,139227.73,4562.71,189731.34,0,"25,47,797","55,69,109","5,70,338","30,97,654","54,20,84,113",0,0
25-07-2025,0,0,1228991.6,305735.64,139227.73,4562.71,189731.34,0,"25,47,797","55,69,109","5,70,338","30,97,654","72,23,02,336",0,0
26-07-2025,0,367647.07,1228991.6,305735.64,139227.73,4562.71,189731.34,21121880,"25,47,797","55,69,109","5,70,338","30,97,654","1,00,72,02,613",1,1
27-07-2025,0,367647.07,1228991.6,305735.64,139227.73,4562.71,189731.34,21121880,"25,47,797","55,69,109","5,70,338","30,97,654","48,39,72,094",1,1
28-07-2025,0,0,1228991.6,305735.64,139227.73,4562.71,189731.34,0,"25,47,797","55,69,109","5,70,338","30,97,654","44,53,65,998",0,0
29-07-2025,0,0,1228991.6,305735.64,139227.73,4562.71,189731.34,0,"25,47,797","55,69,109","5,70,338","30,97,654","45,19,66,178",0,0
30-07-2025,0,0,1228991.6,305735.64,139227.73,4562.71,189731.34,0,"25,47,797","55,69,109","5,70,338","30,97,654","42,14,70,914",0,0
2025-01-08,0,0,0,0,0,4561.13,213177.27,0,0,0,"5,70,141","34,80,445","49,43,08,503",0,0
2025-02-08,0,0,0,0,0,4561.13,213177.27,0,0,0,"5,70,141","34,80,445","64,75,32,851",0,1
2025-03-08,0,0,0,0,0,4561.13,213177.27,0,0,0,"5,70,141","34,80,445","89,23,69,635",0,1
2025-04-08,0,0,0,0,0,4561.13,213177.27,0,0,0,"5,70,141","34,80,445","42,26,64,757",0,0
2025-05-08,0,0,0,0,0,4561.13,213177.27,0,0,0,"5,70,141","34,80,445","41,15,16,663",0,0
2025-06-08,0,0,0,0,0,4561.13,213177.27,0,0,0,"5,70,141","34,80,445","39,87,40,787",0,0
2025-07-08,0,0,0,0,0,4561.13,213177.27,0,0,0,"5,70,141","34,80,445","48,63,61,033",0,0
2025-08-08,0,0,0,0,0,4561.13,213177.27,0,0,0,"5,70,141","34,80,445","50,98,01,159",0,0
2025-09-08,0,0,0,0,0,4561.13,213177.27,0,0,0,"5,70,141","34,80,445","65,55,03,571",0,1
2025-10-08,0,0,0,0,0,4561.13,213177.27,0,0,0,"5,70,141","34,80,445","96,90,67,195",0,1
2025-11-08,0,0,0,0,0,4561.13,213177.27,0,0,0,"5,70,141","34,80,445","47,78,30,703",0,0
2025-12-08,0,0,0,0,0,4561.13,213177.27,0,0,0,"5,70,141","34,80,445","44,94,42,423",0,0
13-08-2025,0,0,0,0,0,4561.13,213177.27,0,0,0,"5,70,141","34,80,445","48,47,81,781",0,0
14-08-2025,0,0,0,0,0,4561.13,213177.27,0,0,0,"5,70,141","34,80,445","51,67,27,789",0,0
15-08-2025,0,0,1008403.36,70048.07,181362.01,4561.13,213177.27,0,"5,83,733","72,54,480","5,70,141","34,80,445","60,39,87,565",0,0
16-08-2025,0,2818627.46,1008403.36,70048.07,181362.01,4561.13,213177.27,21121880,"5,83,733","72,54,480","5,70,141","34,80,445","82,19,33,543",1,1
17-08-2025,0,2818627.46,1008403.36,70048.07,181362.01,4561.13,213177.27,21121880,"5,83,733","72,54,480","5,70,141","34,80,445","1,05,18,06,326",1,1
18-08-2025,0,0,1008403.36,70048.07,181362.01,4561.13,213177.27,0,"5,83,733","72,54,480","5,70,141","34,80,445","55,85,55,359",0,0
19-08-2025,0,0,1008403.36,70048.07,181362.01,4561.13,213177.27,0,"5,83,733","72,54,480","5,70,141","34,80,445","55,20,63,456",0,0
20-08-2025,0,0,1008403.36,70048.07,181362.01,4561.13,213177.27,0,"5,83,733","72,54,480","5,70,141","34,80,445","57,95,20,799",0,0
21-08-2025,0,0,1008403.36,70048.07,181362.01,4561.13,213177.27,0,"5,83,733","72,54,480","5,70,141","34,80,445","75,24,98,280",0,0
22-08-2025,0,0,1008403.36,70048.07,181362.01,4561.13,213177.27,0,"5,83,733","72,54,480","5,70,141","34,80,445","2,76,62,47,861",0,0
23-08-2025,0,2818627.46,1008403.36,70048.07,181362.01,4561.13,213177.27,21121880,"5,83,733","72,54,480","5,70,141","34,80,445","99,83,25,039",1,1
24-08-2025,0,2818627.46,1008403.36,70048.07,181362.01,4561.13,213177.27,21121880,"5,83,733","72,54,480","5,70,141","34,80,445","1,35,14,89,912",1,1
25-08-2025,0,0,1008403.36,70048.07,181362.01,4561.13,213177.27,0,"5,83,733","72,54,480","5,70,141","34,80,445","38,75,54,199",0,0
26-08-2025,0,0,1008403.36,70048.07,181362.01,4561.13,213177.27,0,"5,83,733","72,54,480","5,70,141","34,80,445","33,90,55,392",0,0
27-08-2025,0,0,1008403.36,70048.07,181362.01,4561.13,213177.27,0,"5,83,733","72,54,480","5,70,141","34,80,445","35,41,93,930",0,0
28-08-2025,0,0,1008403.36,70048.07,181362.01,4561.13,213177.27,0,"5,83,733","72,54,480","5,70,141","34,80,445","37,83,58,684",0,0
29-08-2025,0,0,0,0,0,4561.13,213177.27,0,0,0,"5,70,141","34,80,445","36,02,71,872",0,0
30-08-2025,0,0,0,0,0,4561.13,213177.27,0,0,0,"5,70,141","34,80,445","48,32,27,025",0,1
2025-01-09,0,0,0,0,0,11930.07,180178.1,0,0,0,"14,91,258","29,41,683","70,49,99,517",0,0
2025-02-09,0,0,0,0,0,11930.07,180178.1,0,0,0,"14,91,258","29,41,683","34,97,10,309",0,0
2025-03-09,0,0,0,0,0,11930.07,180178.1,0,0,0,"14,91,258","29,41,683","32,79,77,215",0,0
2025-04-09,0,0,0,0,0,11930.07,180178.1,0,0,0,"14,91,258","29,41,683","54,74,70,172",0,0
2025-05-09,0,0,0,0,0,11930.07,180178.1,0,0,0,"14,91,258","29,41,683","32,76,51,928",0,0
2025-06-09,0,0,0,0,0,11930.07,180178.1,0,0,0,"14,91,258","29,41,683","35,70,84,320",0,1
2025-07-09,0,0,0,0,0,11930.07,180178.1,0,0,0,"14,91,258","29,41,683","45,47,48,618",0,1
2025-08-09,0,0,0,0,0,11930.07,180178.1,0,0,0,"14,91,258","29,41,683","62,60,18,189",0,0
2025-09-09,0,0,0,0,0,11930.07,180178.1,0,0,0,"14,91,258","29,41,683","30,21,85,643",0,0
2025-10-09,0,0,0,0,0,11930.07,180178.1,0,0,0,"14,91,258","29,41,683","31,75,08,680",0,0
2025-11-09,0,0,0,0,0,11930.07,180178.1,0,0,0,"14,91,258","29,41,683","32,75,16,858",0,0
2025-12-09,0,0,0,0,0,11930.07,180178.1,0,0,0,"14,91,258","29,41,683","31,17,96,485",0,0
13-09-2025,0,0,0,0,0,11930.07,180178.1,0,0,0,"14,91,258","29,41,683","38,64,61,357",0,1
14-09-2025,0,0,0,0,0,11930.07,180178.1,0,0,0,"14,91,258","29,41,683","43,73,73,849",0,1
15-09-2025,0,0,0,0,0,11930.07,180178.1,0,0,0,"14,91,258","29,41,683","46,50,72,085",0,0
16-09-2025,0,0,0,0,0,11930.07,180178.1,0,0,0,"14,91,258","29,41,683","27,87,23,601",0,0
17-09-2025,0,0,0,0,0,11930.07,180178.1,0,0,0,"14,91,258","29,41,683","26,50,41,207",0,0
18-09-2025,0,0,0,0,0,11930.07,180178.1,0,0,0,"14,91,258","29,41,683","26,57,09,660",0,0
19-09-2025,0,0,0,0,0,11930.07,180178.1,0,0,0,"14,91,258","29,41,683","26,81,61,122",0,0
20-09-2025,0,0,0,0,0,11930.07,180178.1,0,0,0,"14,91,258","29,41,683","98,37,63,049",0,1
21-09-2025,0,4738562.1,5117647.06,147263.68,265928.92,11930.07,180178.1,10560940,"12,27,197","1,06,37,156","14,91,258","29,41,683","49,27,12,569",0,1
22-09-2025,0,0,5117647.06,147263.68,265928.92,11930.07,180178.1,0,"12,27,197","1,06,37,156","14,91,258","29,41,683","54,63,05,831",0,0
23-09-2025,0,0,5117647.06,147263.68,265928.92,11930.07,180178.1,0,"12,27,197","1,06,37,156","14,91,258","29,41,683","29,55,72,130",0,0
24-09-2025,0,0,5117647.06,147263.68,265928.92,11930.07,180178.1,0,"12,27,197","1,06,37,156","14,91,258","29,41,683","27,12,92,435",0,0
25-09-2025,0,0,5117647.06,147263.68,265928.92,11930.07,180178.1,0,"12,27,197","1,06,37,156","14,91,258","29,41,683","28,02,15,504",0,0
26-09-2025,0,0,5117647.06,147263.68,265928.92,11930.07,180178.1,0,"12,27,197","1,06,37,156","14,91,258","29,41,683","23,99,17,130",0,0
27-09-2025,0,4738562.1,5117647.06,147263.68,265928.92,11930.07,180178.1,10560940,"12,27,197","1,06,37,156","14,91,258","29,41,683","31,12,33,097",0,1
28-09-2025,0,4738562.1,5117647.06,147263.68,265928.92,11930.07,180178.1,10560940,"12,27,197","1,06,37,156","14,91,258","29,41,683","38,65,73,805",0,1
29-09-2025,0,0,5117647.06,147263.68,265928.92,11930.07,180178.1,0,"12,27,197","1,06,37,156","14,91,258","29,41,683","38,91,40,893",0,0
30-09-2025,0,0,5117647.06,147263.68,265928.92,11930.07,180178.1,0,"12,27,197","1,06,37,156","14,91,258","29,41,683","98,24,56,281",0,0
2025-01-10,0,0,779411.76,186274.51,302415.07,3539.17,210074.38,0,"15,52,287","1,20,96,602","4,42,396","34,29,785","99,79,37,973",0,0
2025-02-10,0,0,779411.76,186274.51,302415.07,3539.17,210074.38,0,"15,52,287","1,20,96,602","4,42,396","34,29,785","96,52,28,284",0,0
2025-03-10,0,0,779411.76,186274.51,302415.07,3539.17,210074.38,0,"15,52,287","1,20,96,602","4,42,396","34,29,785","89,09,86,876",0,0
2025-04-10,0,3063725.48,779411.76,186274.51,302415.07,3539.17,210074.38,21121880,"15,52,287","1,20,96,602","4,42,396","34,29,785","89,11,00,169",1,1
2025-05-10,0,3063725.48,779411.76,186274.51,302415.07,3539.17,210074.38,21121880,"15,52,287","1,20,96,602","4,42,396","34,29,785","1,11,43,95,831",1,1
2025-06-10,0,0,779411.76,186274.51,302415.07,3539.17,210074.38,0,"15,52,287","1,20,96,602","4,42,396","34,29,785","1,45,53,83,251",0,0
2025-07-10,0,0,779411.76,186274.51,302415.07,3539.17,210074.38,0,"15,52,287","1,20,96,602","4,42,396","34,29,785","85,02,93,861",0,0
2025-08-10,0,0,779411.76,186274.51,302415.07,3539.17,210074.38,0,"15,52,287","1,20,96,602","4,42,396","34,29,785","77,32,50,575",0,0
2025-09-10,0,0,779411.76,186274.51,302415.07,3539.17,210074.38,0,"15,52,287","1,20,96,602","4,42,396","34,29,785","88,90,10,600",0,0
2025-10-10,0,0,779411.76,186274.51,302415.07,3539.17,210074.38,0,"15,52,287","1,20,96,602","4,42,396","34,29,785","2,10,51,36,401",0,0
2025-11-10,0,3063725.48,779411.76,186274.51,302415.07,3539.17,210074.38,21121880,"15,52,287","1,20,96,602","4,42,396","34,29,785","64,32,19,067",1,1
2025-12-10,0,3063725.48,779411.76,186274.51,302415.07,3539.17,210074.38,21121880,"15,52,287","1,20,96,602","4,42,396","34,29,785","80,28,89,074",1,1
13-10-2025,0,0,779411.76,186274.51,302415.07,3539.17,210074.38,0,"15,52,287","1,20,96,602","4,42,396","34,29,785","1,10,27,87,960",0,0
14-10-2025,0,0,779411.76,186274.51,302415.07,3539.17,210074.38,0,"15,52,287","1,20,96,602","4,42,396","34,29,785","50,88,20,938",0,0
15-10-2025,0,0,779411.76,186274.51,302415.07,3539.17,210074.38,0,"15,52,287","1,20,96,602","4,42,396","34,29,785","50,56,73,672",0,0
16-10-2025,0,0,779411.76,186274.51,302415.07,3539.17,210074.38,0,"15,52,287","1,20,96,602","4,42,396","34,29,785","52,17,01,976",0,0
17-10-2025,0,0,779411.76,186274.51,302415.07,3539.17,210074.38,0,"15,52,287","1,20,96,602","4,42,396","34,29,785","56,44,17,965",0,0
18-10-2025,0,3063725.48,779411.76,186274.51,302415.07,3539.17,210074.38,21121880,"15,52,287","1,20,96,602","4,42,396","34,29,785","70,65,42,614",1,1
19-10-2025,0,3063725.48,779411.76,186274.51,302415.07,3539.17,210074.38,21121880,"15,52,287","1,20,96,602","4,42,396","34,29,785","99,12,92,891",1,1
20-10-2025,0,0,779411.76,186274.51,302415.07,3539.17,210074.38,0,"15,52,287","1,20,96,602","4,42,396","34,29,785","1,48,16,07,554",0,0
21-10-2025,0,0,779411.76,186274.51,302415.07,3539.17,210074.38,0,"15,52,287","1,20,96,602","4,42,396","34,29,785","79,91,88,530",0,0
22-10-2025,0,0,779411.76,186274.51,302415.07,3539.17,210074.38,0,"15,52,287","1,20,96,602","4,42,396","34,29,785","82,71,05,626",0,0
23-10-2025,0,0,779411.76,186274.51,302415.07,3539.17,210074.38,0,"15,52,287","1,20,96,602","4,42,396","34,29,785","89,48,83,422",0,0
24-10-2025,0,0,779411.76,186274.51,302415.07,3539.17,210074.38,0,"15,52,287","1,20,96,602","4,42,396","34,29,785","1,05,61,49,457",0,0
25-10-2025,0,3063725.48,779411.76,186274.51,302415.07,3539.17,210074.38,21121880,"15,52,287","1,20,96,602","4,42,396","34,29,785","1,34,95,32,915",1,1
26-10-2025,0,3063725.48,779411.76,186274.51,302415.07,3539.17,210074.38,21121880,"15,52,287","1,20,96,602","4,42,396","34,29,785","2,58,25,86,951",1,1
27-10-2025,0,0,779411.76,186274.51,302415.07,3539.17,210074.38,0,"15,52,287","1,20,96,602","4,42,396","34,29,785","2,35,01,60,342",0,0
28-10-2025,0,0,779411.76,186274.51,302415.07,3539.17,210074.38,0,"15,52,287","1,20,96,602","4,42,396","34,29,785","1,63,63,93,512",0,0
29-10-2025,0,0,779411.76,186274.51,302415.07,3539.17,210074.38,0,"15,52,287","1,20,96,602","4,42,396","34,29,785","1,27,58,47,176",0,0
30-10-2025,0,0,779411.76,186274.51,302415.07,3539.17,210074.38,0,"15,52,287","1,20,96,602","4,42,396","34,29,785","1,30,56,75,053",0,0
2025-01-11,0,1666666.67,526960.78,0,133303.93,2225.83,157249,21121880,0,"53,32,157","2,78,228","25,67,330","93,23,78,105",1,1
2025-02-11,0,1666666.67,526960.78,0,133303.93,2225.83,157249,21121880,0,"53,32,157","2,78,228","25,67,330","70,67,30,961",1,1
2025-03-11,0,0,526960.78,0,133303.93,2225.83,157249,0,0,"53,32,157","2,78,228","25,67,330","79,53,02,611",0,0
2025-04-11,0,0,526960.78,0,133303.93,2225.83,157249,0,0,"53,32,157","2,78,228","25,67,330","1,02,68,14,422",0,0
2025-05-11,0,0,526960.78,0,133303.93,2225.83,157249,0,0,"53,32,157","2,78,228","25,67,330","47,08,68,390",0,0
2025-06-11,0,0,526960.78,0,133303.93,2225.83,157249,0,0,"53,32,157","2,78,228","25,67,330","45,21,29,724",0,0
2025-07-11,0,0,526960.78,0,133303.93,2225.83,157249,0,0,"53,32,157","2,78,228","25,67,330","48,01,25,921",0,0
2025-08-11,0,0,0,0,0,2225.83,157249,0,0,0,"2,78,228","25,67,330","53,42,21,199",0,1
2025-09-11,0,0,0,0,0,2225.83,157249,0,0,0,"2,78,228","25,67,330","57,85,38,680",0,1
2025-10-11,0,0,0,0,0,2225.83,157249,0,0,0,"2,78,228","25,67,330","54,44,64,459",0,0
2025-11-11,0,0,0,0,0,2225.83,157249,0,0,0,"2,78,228","25,67,330","73,19,39,366",0,0
2025-12-11,0,0,0,0,0,2225.83,157249,0,0,0,"2,78,228","25,67,330","42,30,97,008",0,0
13-11-2025,0,0,0,0,0,2225.83,157249,0,0,0,"2,78,228","25,67,330","40,85,47,759",0,0
14-11-2025,0,0,0,0,0,2225.83,157249,0,0,0,"2,78,228","25,67,330","52,75,62,179",0,0
15-11-2025,0,0,0,0,0,2225.83,157249,0,0,0,"2,78,228","25,67,330","42,15,77,513",0,1
16-11-2025,0,0,0,0,0,2225.83,157249,0,0,0,"2,78,228","25,67,330","45,82,51,758",0,1
17-11-2025,0,0,0,0,0,2225.83,157249,0,0,0,"2,78,228","25,67,330","58,38,35,101",0,0
18-11-2025,0,0,0,0,0,2225.83,157249,0,0,0,"2,78,228","25,67,330","73,70,83,382",0,0
19-11-2025,0,0,0,0,0,2225.83,157249,0,0,0,"2,78,228","25,67,330","43,16,68,243",0,0
20-11-2025,0,0,0,0,0,2225.83,157249,0,0,0,"2,78,228","25,67,330","39,64,34,941",0,0
21-11-2025,0,0,0,0,0,2225.83,157249,0,0,0,"2,78,228","25,67,330","40,58,38,535",0,0
22-11-2025,0,1666666.67,526960.78,0,133303.93,2225.83,157249,21121880,0,"53,32,157","2,78,228","25,67,330","45,20,95,375",1,1
23-11-2025,0,1666666.67,526960.78,0,133303.93,2225.83,157249,21121880,0,"53,32,157","2,78,228","25,67,330","49,56,12,125",1,1
24-11-2025,0,0,526960.78,0,133303.93,2225.83,157249,0,0,"53,32,157","2,78,228","25,67,330","59,29,53,198",0,0
25-11-2025,0,0,526960.78,0,133303.93,2225.83,157249,0,0,"53,32,157","2,78,228","25,67,330","79,25,94,255",0,0
26-11-2025,0,0,526960.78,0,133303.93,2225.83,157249,0,0,"53,32,157","2,78,228","25,67,330","47,43,01,384",0,0
27-11-2025,0,0,526960.78,0,133303.93,2225.83,157249,0,0,"53,32,157","2,78,228","25,67,330","40,68,72,507",0,0
28-11-2025,0,0,526960.78,0,133303.93,2225.83,157249,0,0,"53,32,157","2,78,228","25,67,330","38,94,87,531",0,0
29-11-2025,0,1666666.67,526960.78,0,133303.93,2225.83,157249,21121880,0,"53,32,157","2,78,228","25,67,330","37,72,60,341",1,1
30-11-2025,0,1666666.67,526960.78,0,133303.93,2225.83,157249,21121880,0,"53,32,157","2,78,228","25,67,330","43,97,61,359",1,1
2025-01-12,0,0,0,0,0,1485.15,110429.03,0,0,0,"1,85,643","18,02,922","58,88,11,946",0,0
2025-02-12,0,0,0,0,0,1485.15,110429.03,0,0,0,"1,85,643","18,02,922","65,36,56,831",0,0
2025-03-12,0,0,0,0,0,1485.15,110429.03,0,0,0,"1,85,643","18,02,922","52,59,19,665",0,0
2025-04-12,0,0,0,0,0,1485.15,110429.03,0,0,0,"1,85,643","18,02,922","45,29,30,701",0,0
2025-05-12,0,0,0,0,0,1485.15,110429.03,0,0,0,"1,85,643","18,02,922","45,77,61,412",0,0
2025-06-12,0,0,0,0,0,1485.15,110429.03,0,0,0,"1,85,643","18,02,922","49,91,22,358",0,1
2025-07-12,0,0,0,0,0,1485.15,110429.03,0,0,0,"1,85,643","18,02,922","65,01,30,594",0,1
2025-08-12,0,0,0,0,0,1485.15,110429.03,0,0,0,"1,85,643","18,02,922","69,02,91,599",0,0
2025-09-12,0,0,0,0,0,1485.15,110429.03,0,0,0,"1,85,643","18,02,922","99,88,53,206",0,0
2025-10-12,0,0,0,0,0,1485.15,110429.03,0,0,0,"1,85,643","18,02,922","42,25,12,961",0,0
2025-11-12,0,0,0,0,0,1485.15,110429.03,0,0,0,"1,85,643","18,02,922","36,88,64,380",0,0
2025-12-12,0,0,0,0,0,1485.15,110429.03,0,0,0,"1,85,643","18,02,922","36,90,17,681",0,0
13-12-2025,0,0,0,0,0,1485.15,110429.03,0,0,0,"1,85,643","18,02,922","37,54,06,717",0,1
14-12-2025,0,0,0,0,0,1485.15,110429.03,0,0,0,"1,85,643","18,02,922","40,33,05,767",0,1
15-12-2025,0,0,0,0,0,1485.15,110429.03,0,0,0,"1,85,643","18,02,922","51,50,53,285",0,0
16-12-2025,0,0,0,0,0,1485.15,110429.03,0,0,0,"1,85,643","18,02,922","72,01,33,372",0,0
17-12-2025,0,0,0,0,0,1485.15,110429.03,0,0,0,"1,85,643","18,02,922","41,93,46,604",0,0
18-12-2025,0,0,0,0,0,1485.15,110429.03,0,0,0,"1,85,643","18,02,922","38,47,25,227",0,0
19-12-2025,0,0,0,0,0,1485.15,110429.03,0,0,0,"1,85,643","18,02,922","40,52,20,283",0,0
20-12-2025,0,0,0,0,0,1485.15,110429.03,0,0,0,"1,85,643","18,02,922","39,03,27,997",0,1
21-12-2025,0,4591503.27,1899950.98,0,203175.96,1485.15,110429.03,10560940,0,"81,27,038","1,85,643","18,02,922","39,81,82,422",0,1
22-12-2025,0,0,1899950.98,0,203175.96,1485.15,110429.03,0,0,"81,27,038","1,85,643","18,02,922","55,44,44,081",0,0
23-12-2025,0,0,1899950.98,0,203175.96,1485.15,110429.03,0,0,"81,27,038","1,85,643","18,02,922","73,09,83,272",0,0
24-12-2025,0,0,1899950.98,0,203175.96,1485.15,110429.03,0,0,"81,27,038","1,85,643","18,02,922","43,97,05,053",0,0
25-12-2025,0,0,1899950.98,0,203175.96,1485.15,110429.03,0,0,"81,27,038","1,85,643","18,02,922","38,67,89,956",0,0
26-12-2025,0,0,1899950.98,0,203175.96,1485.15,110429.03,0,0,"81,27,038","1,85,643","18,02,922","39,42,47,906",0,0
27-12-2025,0,4591503.27,1899950.98,0,203175.96,1485.15,110429.03,10560940,0,"81,27,038","1,85,643","18,02,922","42,96,34,791",0,1
28-12-2025,0,4591503.27,1899950.98,0,203175.96,1485.15,110429.03,10560940,0,"81,27,038","1,85,643","18,02,922","43,29,29,783",0,1
29-12-2025,0,0,1899950.98,0,203175.96,1485.15,110429.03,0,0,"81,27,038","1,85,643","18,02,922","60,39,28,738",0,0
30-12-2025,0,0,1899950.98,0,203175.96,1485.15,110429.03,0,0,"81,27,038","1,85,643","18,02,922","86,96,04,712",0,0
2026-01-01,0,0,0,0,0,0,114379.08,0,0,0,0,"18,67,413","47,21,74,050",0,0
2026-02-01,0,0,0,0,0,0,114379.08,0,0,0,0,"18,67,413","45,03,76,465",0,0
2026-03-01,0,0,0,0,0,0,114379.08,0,0,0,0,"18,67,413","53,32,56,742",0,1
2026-04-01,0,0,0,0,0,0,114379.08,0,0,0,0,"18,67,413","98,42,08,808",0,1
2026-05-01,0,0,0,0,0,0,114379.08,0,0,0,0,"18,67,413","63,18,55,757",0,0
2026-06-01,0,0,0,0,0,0,114379.08,0,0,0,0,"18,67,413","66,81,13,519",0,0
2026-07-01,0,0,0,0,0,0,114379.08,0,0,0,0,"18,67,413","1,19,31,59,889",0,0
2026-08-01,0,0,0,0,0,0,114379.08,0,0,0,0,"18,67,413","57,18,28,044",0,0
2026-09-01,0,0,0,0,0,0,114379.08,0,0,0,0,"18,67,413","58,94,93,403",0,0
2026-10-01,0,0,0,0,0,0,114379.08,0,0,0,0,"18,67,413","66,96,81,429",0,1
2026-11-01,0,0,0,0,0,0,114379.08,0,0,0,0,"18,67,413","77,83,43,549",0,1
2026-12-01,0,0,0,0,0,0,114379.08,0,0,0,0,"18,67,413","56,70,91,993",0,0
13-01-2026,0,0,0,0,0,0,114379.08,0,0,0,0,"18,67,413","68,67,82,757",0,0
14-01-2026,0,0,0,0,0,0,114379.08,0,0,0,0,"18,67,413","89,96,94,895",0,0
15-01-2026,0,0,0,0,0,0,114379.08,0,0,0,0,"18,67,413","46,21,19,770",0,0
16-01-2026,0,0,0,0,0,0,114379.08,0,0,0,0,"18,67,413","43,58,74,432",0,0
17-01-2026,0,6139705.88,1348039.22,0,313725.49,0,114379.08,10560940,0,"1,25,49,019",0,"18,67,413","44,11,61,502",0,1
18-01-2026,0,6139705.88,1348039.22,0,313725.49,0,114379.08,10560940,0,"1,25,49,019",0,"18,67,413","52,94,58,133",0,1
19-01-2026,0,0,1348039.22,0,313725.49,0,114379.08,0,0,"1,25,49,019",0,"18,67,413","47,51,62,048",0,0
20-01-2026,0,0,1348039.22,0,313725.49,0,114379.08,0,0,"1,25,49,019",0,"18,67,413","63,15,92,608",0,0
21-01-2026,0,0,1348039.22,0,313725.49,0,114379.08,0,0,"1,25,49,019",0,"18,67,413","84,01,84,117",0,0
22-01-2026,0,0,1348039.22,0,313725.49,0,114379.08,0,0,"1,25,49,019",0,"18,67,413","45,10,91,510",0,0
23-01-2026,0,0,1348039.22,0,313725.49,0,114379.08,0,0,"1,25,49,019",0,"18,67,413","45,61,40,764",0,0
24-01-2026,0,6139705.88,1348039.22,0,313725.49,0,114379.08,10560940,0,"1,25,49,019",0,"18,67,413","56,51,64,258",0,1
25-01-2026,0,6139705.88,1348039.22,0,313725.49,0,114379.08,10560940,0,"1,25,49,019",0,"18,67,413","63,98,14,971",0,1
26-01-2026,0,0,1348039.22,0,313725.49,0,114379.08,0,0,"1,25,49,019",0,"18,67,413","57,45,20,577",0,0
27-01-2026,0,0,0,0,0,0,114379.08,0,0,0,0,"18,67,413","77,96,35,028",0,0
28-01-2026,0,0,0,0,0,0,114379.08,0,0,0,0,"18,67,413","1,03,19,94,717",0,0
29-01-2026,0,0,0,0,0,0,114379.08,0,0,0,0,"18,67,413","58,91,83,928",0,0
30-01-2026,0,0,0,0,0,0,114379.08,0,0,0,0,"18,67,413","57,08,99,033",0,0
2026-01-02,0,0,0,0,0,0,81699.35,0,0,0,0,"13,33,866","59,58,95,627",0,1
2026-02-02,0,0,0,0,0,0,81699.35,0,0,0,0,"13,33,866","66,14,00,055",0,0
2026-03-02,0,0,0,0,0,0,81699.35,0,0,0,0,"13,33,866","78,65,26,114",0,0
2026-04-02,0,0,0,0,0,0,81699.35,0,0,0,0,"13,33,866","1,02,65,38,767",0,0
2026-05-02,0,0,0,0,0,0,81699.35,0,0,0,0,"13,33,866","1,64,29,43,159",0,0
2026-06-02,0,0,0,0,0,0,81699.35,0,0,0,0,"13,33,866","3,10,29,49,113",0,0
2026-07-02,0,0,0,0,0,0,81699.35,0,0,0,0,"13,33,866","45,20,70,253",0,1
2026-08-02,0,0,0,0,0,0,81699.35,0,0,0,0,"13,33,866","45,54,41,003",0,1
2026-09-02,0,0,0,0,0,0,81699.35,0,0,0,0,"13,33,866","43,43,89,668",0,0
2026-10-02,0,0,0,0,0,0,81699.35,0,0,0,0,"13,33,866","50,33,38,861",0,0
2026-11-02,0,0,0,0,0,0,81699.35,0,0,0,0,"13,33,866","64,59,67,007",0,0
2026-12-02,0,0,0,0,0,0,81699.35,0,0,0,0,"13,33,866","81,77,77,739",0,0
13-02-2026,0,0,0,0,0,0,81699.35,0,0,0,0,"13,33,866","48,56,39,974",0,0
14-02-2026,0,3443627.45,1383442.27,108932.46,272331.15,0,81699.35,10560940,"9,07,770","1,08,93,246",0,"13,33,866","46,47,45,709",0,1
15-02-2026,0,3443627.45,1383442.27,108932.46,272331.15,0,81699.35,10560940,"9,07,770","1,08,93,246",0,"13,33,866","46,87,48,139",0,1
16-02-2026,0,0,1383442.27,108932.46,272331.15,0,81699.35,0,"9,07,770","1,08,93,246",0,"13,33,866","51,16,04,482",0,0
17-02-2026,0,0,1383442.27,108932.46,272331.15,0,81699.35,0,"9,07,770","1,08,93,246",0,"13,33,866","49,37,68,471",0,0
18-02-2026,0,0,1383442.27,108932.46,272331.15,0,81699.35,0,"9,07,770","1,08,93,246",0,"13,33,866","66,40,29,114",0,0
19-02-2026,0,0,1383442.27,108932.46,272331.15,0,81699.35,0,"9,07,770","1,08,93,246",0,"13,33,866","92,92,41,821",0,0
20-02-2026,0,0,1383442.27,108932.46,272331.15,0,81699.35,0,"9,07,770","1,08,93,246",0,"13,33,866","52,07,21,282",0,0
21-02-2026,0,3443627.45,1383442.27,108932.46,272331.15,0,81699.35,10560940,"9,07,770","1,08,93,246",0,"13,33,866","45,85,99,293",0,1
22-02-2026,0,3443627.45,1383442.27,108932.46,272331.15,0,81699.35,10560940,"9,07,770","1,08,93,246",0,"13,33,866","54,81,42,592",0,1
23-02-2026,0,0,0,0,0,0,81699.35,0,0,0,0,"13,33,866","52,33,04,539",0,0
24-02-2026,0,0,0,0,0,0,81699.35,0,0,0,0,"13,33,866","59,22,29,401",0,0
25-02-2026,0,0,0,0,0,0,81699.35,0,0,0,0,"13,33,866","89,69,21,686",0,0
26-02-2026,0,0,0,0,0,0,81699.35,0,0,0,0,"13,33,866","1,01,28,49,501",0,0
27-02-2026,0,0,0,0,0,0,81699.35,0,0,0,0,"13,33,866","57,65,61,877",0,0
28-02-2026,0,0,0,0,0,0,81699.35,0,0,0,0,"13,33,866","40,85,11,621",0,1
2026-01-03,0,0,0,0,0,0,81699.35,0,0,0,0,"13,33,866","47,38,46,986",0,1
2026-01-03,0,2494553.37,460784.31,24509.8,40849.67,0,98039.22,21121880,"2,04,248","16,33,986",0,"16,00,640","52,99,06,655",1,1
2026-02-03,0,0,0,0,0,0,81699.35,0,0,0,0,"13,33,866","52,13,10,381",0,0
2026-02-03,0,0,460784.31,24509.8,40849.67,0,98039.22,0,"2,04,248","16,33,986",0,"16,00,640","66,91,16,464",0,0
2026-03-03,0,0,460784.31,24509.8,40849.67,0,98039.22,0,"2,04,248","16,33,986",0,"16,00,640","93,23,15,293",0,0
2026-04-03,0,0,460784.31,24509.8,40849.67,0,98039.22,0,"2,04,248","16,33,986",0,"16,00,640","51,29,47,357",0,0
2026-05-03,0,0,460784.31,24509.8,40849.67,0,98039.22,0,"2,04,248","16,33,986",0,"16,00,640","51,70,88,095",0,0
2026-06-03,0,0,460784.31,24509.8,40849.67,0,98039.22,0,"2,04,248","16,33,986",0,"16,00,640","48,20,77,052",0,0
2026-07-03,0,2494553.37,460784.31,24509.8,40849.67,0,98039.22,21121880,"2,04,248","16,33,986",0,"16,00,640","56,24,68,538",1,1
2026-08-03,0,2494553.37,460784.31,24509.8,40849.67,0,98039.22,21121880,"2,04,248","16,33,986",0,"16,00,640","69,31,38,973",1,1
2026-09-03,0,0,460784.31,24509.8,40849.67,0,98039.22,0,"2,04,248","16,33,986",0,"16,00,640","84,90,36,918",0,0
2026-10-03,0,0,460784.31,24509.8,40849.67,0,98039.22,0,"2,04,248","16,33,986",0,"16,00,640","1,08,53,61,762",0,0
2026-11-03,0,0,460784.31,24509.8,40849.67,0,98039.22,0,"2,04,248","16,33,986",0,"16,00,640","56,66,81,718",0,0
2026-12-03,0,0,460784.31,24509.8,40849.67,0,98039.22,0,"2,04,248","16,33,986",0,"16,00,640","49,79,75,306",0,0
13-03-2026,0,0,460784.31,24509.8,40849.67,0,98039.22,0,"2,04,248","16,33,986",0,"16,00,640","47,31,62,301",0,0
14-03-2026,0,2494553.37,460784.31,24509.8,40849.67,0,98039.22,21121880,"2,04,248","16,33,986",0,"16,00,640","58,34,86,932",1,1
15-03-2026,0,2494553.37,460784.31,24509.8,40849.67,0,98039.22,21121880,"2,04,248","16,33,986",0,"16,00,640","60,23,05,807",1,1
16-03-2026,0,0,460784.31,24509.8,40849.67,0,98039.22,0,"2,04,248","16,33,986",0,"16,00,640","80,87,22,144",0,0
17-03-2026,0,0,460784.31,24509.8,40849.67,0,98039.22,0,"2,04,248","16,33,986",0,"16,00,640","1,05,22,54,228",0,0
18-03-2026,0,0,460784.31,24509.8,40849.67,0,98039.22,0,"2,04,248","16,33,986",0,"16,00,640","60,75,57,552",0,0
19-03-2026,0,0,460784.31,24509.8,40849.67,0,98039.22,0,"2,04,248","16,33,986",0,"16,00,640","63,52,42,635",0,0
20-03-2026,0,0,460784.31,24509.8,40849.67,0,98039.22,0,"2,04,248","16,33,986",0,"16,00,640","67,06,27,404",0,0
21-03-2026,0,2494553.37,460784.31,24509.8,40849.67,0,98039.22,21121880,"2,04,248","16,33,986",0,"16,00,640","63,39,93,200",1,1
22-03-2026,0,2494553.37,460784.31,24509.8,40849.67,0,98039.22,21121880,"2,04,248","16,33,986",0,"16,00,640","68,59,94,993",1,1
23-03-2026,0,0,460784.31,24509.8,40849.67,0,98039.22,0,"2,04,248","16,33,986",0,"16,00,640","96,73,56,182",0,0
24-03-2026,0,0,460784.31,24509.8,40849.67,0,98039.22,0,"2,04,248","16,33,986",0,"16,00,640","1,25,83,18,820",0,0
25-03-2026,0,0,460784.31,24509.8,40849.67,0,98039.22,0,"2,04,248","16,33,986",0,"16,00,640","61,05,37,309",0,0
26-03-2026,0,0,460784.31,24509.8,40849.67,0,98039.22,0,"2,04,248","16,33,986",0,"16,00,640","58,71,14,516",0,0
27-03-2026,0,0,460784.31,24509.8,40849.67,0,98039.22,0,"2,04,248","16,33,986",0,"16,00,640","58,79,90,304",0,0
28-03-2026,0,2494553.37,460784.31,24509.8,40849.67,0,98039.22,21121880,"2,04,248","16,33,986",0,"16,00,640","1,67,76,49,382",1,1
29-03-2026,0,2494553.37,460784.31,24509.8,40849.67,0,98039.22,21121880,"2,04,248","16,33,986",0,"16,00,640","69,97,70,816",1,1
30-03-2026,0,0,460784.31,24509.8,40849.67,0,98039.22,0,"2,04,248","16,33,986",0,"16,00,640","88,25,08,647",0,0
